[
{
  "model": "admin.logentry",
  "pk": 1,
  "fields": {
    "action_time": "2025-05-18T11:31:21.888Z",
    "user": 3,
    "content_type": 19,
    "object_id": "1",
    "object_repr": "Category object (1)",
    "action_flag": 1,
    "change_message": "[{\"added\": {}}]"
  }
},
{
  "model": "admin.logentry",
  "pk": 2,
  "fields": {
    "action_time": "2025-05-18T11:35:46.412Z",
    "user": 3,
    "content_type": 19,
    "object_id": "2",
    "object_repr": "Category object (2)",
    "action_flag": 1,
    "change_message": "[{\"added\": {}}]"
  }
},
{
  "model": "admin.logentry",
  "pk": 3,
  "fields": {
    "action_time": "2025-05-18T11:37:03.465Z",
    "user": 3,
    "content_type": 19,
    "object_id": "3",
    "object_repr": "Category object (3)",
    "action_flag": 1,
    "change_message": "[{\"added\": {}}]"
  }
},
{
  "model": "admin.logentry",
  "pk": 4,
  "fields": {
    "action_time": "2025-05-18T11:37:31.773Z",
    "user": 3,
    "content_type": 19,
    "object_id": "3",
    "object_repr": "Category object (3)",
    "action_flag": 2,
    "change_message": "[]"
  }
},
{
  "model": "admin.logentry",
  "pk": 5,
  "fields": {
    "action_time": "2025-05-18T11:38:47.316Z",
    "user": 3,
    "content_type": 19,
    "object_id": "2",
    "object_repr": "Category object (2)",
    "action_flag": 3,
    "change_message": ""
  }
},
{
  "model": "admin.logentry",
  "pk": 6,
  "fields": {
    "action_time": "2025-05-18T11:38:51.409Z",
    "user": 3,
    "content_type": 19,
    "object_id": "3",
    "object_repr": "Category object (3)",
    "action_flag": 3,
    "change_message": ""
  }
},
{
  "model": "admin.logentry",
  "pk": 7,
  "fields": {
    "action_time": "2025-05-18T11:38:51.409Z",
    "user": 3,
    "content_type": 19,
    "object_id": "1",
    "object_repr": "Category object (1)",
    "action_flag": 3,
    "change_message": ""
  }
},
{
  "model": "admin.logentry",
  "pk": 8,
  "fields": {
    "action_time": "2025-05-18T11:39:00.606Z",
    "user": 3,
    "content_type": 19,
    "object_id": "4",
    "object_repr": "Category object (4)",
    "action_flag": 1,
    "change_message": "[{\"added\": {}}]"
  }
},
{
  "model": "admin.logentry",
  "pk": 9,
  "fields": {
    "action_time": "2025-05-18T11:40:54.218Z",
    "user": 3,
    "content_type": 19,
    "object_id": "4",
    "object_repr": "Category object (4)",
    "action_flag": 3,
    "change_message": ""
  }
},
{
  "model": "admin.logentry",
  "pk": 10,
  "fields": {
    "action_time": "2025-05-18T11:49:43.334Z",
    "user": 3,
    "content_type": 19,
    "object_id": "5",
    "object_repr": "женская обувь",
    "action_flag": 1,
    "change_message": "[{\"added\": {}}]"
  }
},
{
  "model": "admin.logentry",
  "pk": 11,
  "fields": {
    "action_time": "2025-05-18T12:22:12.447Z",
    "user": 3,
    "content_type": 19,
    "object_id": "6",
    "object_repr": "лето",
    "action_flag": 1,
    "change_message": "[{\"added\": {}}]"
  }
},
{
  "model": "admin.logentry",
  "pk": 12,
  "fields": {
    "action_time": "2025-05-18T12:22:20.671Z",
    "user": 3,
    "content_type": 25,
    "object_id": "1",
    "object_repr": "лето",
    "action_flag": 1,
    "change_message": "[{\"added\": {}}]"
  }
},
{
  "model": "admin.logentry",
  "pk": 13,
  "fields": {
    "action_time": "2025-05-18T12:22:42.003Z",
    "user": 3,
    "content_type": 25,
    "object_id": "2",
    "object_repr": "каблук",
    "action_flag": 1,
    "change_message": "[{\"added\": {}}]"
  }
},
{
  "model": "admin.logentry",
  "pk": 14,
  "fields": {
    "action_time": "2025-05-18T12:22:48.943Z",
    "user": 3,
    "content_type": 25,
    "object_id": "3",
    "object_repr": "кожа",
    "action_flag": 1,
    "change_message": "[{\"added\": {}}]"
  }
},
{
  "model": "admin.logentry",
  "pk": 15,
  "fields": {
    "action_time": "2025-05-18T12:23:23.360Z",
    "user": 3,
    "content_type": 21,
    "object_id": "1",
    "object_repr": "Босоножки на каблуке \"Элеганс\"",
    "action_flag": 1,
    "change_message": "[{\"added\": {}}, {\"added\": {\"name\": \"size option\", \"object\": \"36\"}}, {\"added\": {\"name\": \"size option\", \"object\": \"37\"}}, {\"added\": {\"name\": \"size option\", \"object\": \"38\"}}]"
  }
},
{
  "model": "admin.logentry",
  "pk": 16,
  "fields": {
    "action_time": "2025-05-18T12:27:27.766Z",
    "user": 3,
    "content_type": 19,
    "object_id": "7",
    "object_repr": "кроссовки",
    "action_flag": 1,
    "change_message": "[{\"added\": {}}]"
  }
},
{
  "model": "admin.logentry",
  "pk": 17,
  "fields": {
    "action_time": "2025-05-18T12:27:49.509Z",
    "user": 3,
    "content_type": 25,
    "object_id": "4",
    "object_repr": "спорт",
    "action_flag": 1,
    "change_message": "[{\"added\": {}}]"
  }
},
{
  "model": "admin.logentry",
  "pk": 18,
  "fields": {
    "action_time": "2025-05-18T12:28:02.631Z",
    "user": 3,
    "content_type": 25,
    "object_id": "5",
    "object_repr": "удобные",
    "action_flag": 1,
    "change_message": "[{\"added\": {}}]"
  }
},
{
  "model": "admin.logentry",
  "pk": 19,
  "fields": {
    "action_time": "2025-05-18T12:28:56.957Z",
    "user": 3,
    "content_type": 21,
    "object_id": "2",
    "object_repr": "Кроссовки \"Спорт-Лайт\"",
    "action_flag": 1,
    "change_message": "[{\"added\": {}}, {\"added\": {\"name\": \"product image\", \"object\": \"ProductImage object (1)\"}}, {\"added\": {\"name\": \"size option\", \"object\": \"34\"}}, {\"added\": {\"name\": \"size option\", \"object\": \"36\"}}, {\"added\": {\"name\": \"size option\", \"object\": \"37\"}}, {\"added\": {\"name\": \"size option\", \"object\": \"38\"}}, {\"added\": {\"name\": \"size option\", \"object\": \"39\"}}, {\"added\": {\"name\": \"size option\", \"object\": \"40\"}}]"
  }
},
{
  "model": "admin.logentry",
  "pk": 20,
  "fields": {
    "action_time": "2025-05-18T12:33:10.648Z",
    "user": 3,
    "content_type": 25,
    "object_id": "6",
    "object_repr": "зима",
    "action_flag": 1,
    "change_message": "[{\"added\": {}}]"
  }
},
{
  "model": "admin.logentry",
  "pk": 21,
  "fields": {
    "action_time": "2025-05-18T12:33:55.006Z",
    "user": 3,
    "content_type": 21,
    "object_id": "3",
    "object_repr": "Сапоги \"Зимняя сказка\"",
    "action_flag": 1,
    "change_message": "[{\"added\": {}}, {\"added\": {\"name\": \"product image\", \"object\": \"ProductImage object (2)\"}}, {\"added\": {\"name\": \"product image\", \"object\": \"ProductImage object (3)\"}}, {\"added\": {\"name\": \"product image\", \"object\": \"ProductImage object (4)\"}}, {\"added\": {\"name\": \"size option\", \"object\": \"32\"}}, {\"added\": {\"name\": \"size option\", \"object\": \"34\"}}, {\"added\": {\"name\": \"size option\", \"object\": \"36\"}}, {\"added\": {\"name\": \"size option\", \"object\": \"37\"}}, {\"added\": {\"name\": \"size option\", \"object\": \"38\"}}]"
  }
},
{
  "model": "admin.logentry",
  "pk": 22,
  "fields": {
    "action_time": "2025-05-18T12:35:28.535Z",
    "user": 3,
    "content_type": 21,
    "object_id": "3",
    "object_repr": "Сапоги \"Зимняя сказка\"",
    "action_flag": 2,
    "change_message": "[{\"changed\": {\"fields\": [\"Discounted price\"]}}]"
  }
},
{
  "model": "admin.logentry",
  "pk": 23,
  "fields": {
    "action_time": "2025-05-18T12:41:28.534Z",
    "user": 3,
    "content_type": 21,
    "object_id": "4",
    "object_repr": "Балетки \"Комфорт\"",
    "action_flag": 1,
    "change_message": "[{\"added\": {}}, {\"added\": {\"name\": \"product image\", \"object\": \"ProductImage object (5)\"}}, {\"added\": {\"name\": \"product image\", \"object\": \"ProductImage object (6)\"}}, {\"added\": {\"name\": \"product image\", \"object\": \"ProductImage object (7)\"}}, {\"added\": {\"name\": \"size option\", \"object\": \"32\"}}, {\"added\": {\"name\": \"size option\", \"object\": \"34\"}}, {\"added\": {\"name\": \"size option\", \"object\": \"36\"}}, {\"added\": {\"name\": \"size option\", \"object\": \"37\"}}, {\"added\": {\"name\": \"size option\", \"object\": \"38\"}}, {\"added\": {\"name\": \"size option\", \"object\": \"39\"}}, {\"added\": {\"name\": \"size option\", \"object\": \"40\"}}]"
  }
},
{
  "model": "admin.logentry",
  "pk": 24,
  "fields": {
    "action_time": "2025-05-18T12:42:04.859Z",
    "user": 3,
    "content_type": 21,
    "object_id": "5",
    "object_repr": "Балетки \"Комфорт\"",
    "action_flag": 1,
    "change_message": "[{\"added\": {}}, {\"added\": {\"name\": \"size option\", \"object\": \"32\"}}, {\"added\": {\"name\": \"size option\", \"object\": \"34\"}}, {\"added\": {\"name\": \"size option\", \"object\": \"36\"}}, {\"added\": {\"name\": \"size option\", \"object\": \"37\"}}, {\"added\": {\"name\": \"size option\", \"object\": \"38\"}}, {\"added\": {\"name\": \"size option\", \"object\": \"39\"}}, {\"added\": {\"name\": \"size option\", \"object\": \"40\"}}]"
  }
},
{
  "model": "admin.logentry",
  "pk": 25,
  "fields": {
    "action_time": "2025-05-18T12:42:22.283Z",
    "user": 3,
    "content_type": 21,
    "object_id": "5",
    "object_repr": "Балетки \"Комфорт\"",
    "action_flag": 3,
    "change_message": ""
  }
},
{
  "model": "admin.logentry",
  "pk": 26,
  "fields": {
    "action_time": "2025-05-18T12:43:42.578Z",
    "user": 3,
    "content_type": 25,
    "object_id": "7",
    "object_repr": "осень",
    "action_flag": 1,
    "change_message": "[{\"added\": {}}]"
  }
},
{
  "model": "admin.logentry",
  "pk": 27,
  "fields": {
    "action_time": "2025-05-18T12:45:12.787Z",
    "user": 3,
    "content_type": 21,
    "object_id": "6",
    "object_repr": "Ботфорты \"Грация\"",
    "action_flag": 1,
    "change_message": "[{\"added\": {}}, {\"added\": {\"name\": \"product image\", \"object\": \"ProductImage object (8)\"}}, {\"added\": {\"name\": \"product image\", \"object\": \"ProductImage object (9)\"}}, {\"added\": {\"name\": \"size option\", \"object\": \"37\"}}, {\"added\": {\"name\": \"size option\", \"object\": \"38\"}}]"
  }
},
{
  "model": "admin.logentry",
  "pk": 28,
  "fields": {
    "action_time": "2025-05-18T13:27:34.709Z",
    "user": 3,
    "content_type": 21,
    "object_id": "7",
    "object_repr": "Сандалии \"Лето-2024\"",
    "action_flag": 1,
    "change_message": "[{\"added\": {}}, {\"added\": {\"name\": \"product image\", \"object\": \"ProductImage object (10)\"}}, {\"added\": {\"name\": \"product image\", \"object\": \"ProductImage object (11)\"}}, {\"added\": {\"name\": \"size option\", \"object\": \"34\"}}, {\"added\": {\"name\": \"size option\", \"object\": \"36\"}}, {\"added\": {\"name\": \"size option\", \"object\": \"37\"}}, {\"added\": {\"name\": \"size option\", \"object\": \"38\"}}]"
  }
},
{
  "model": "admin.logentry",
  "pk": 29,
  "fields": {
    "action_time": "2025-05-18T13:31:06.356Z",
    "user": 3,
    "content_type": 21,
    "object_id": "8",
    "object_repr": "Туфли \"Офисный стиль\"",
    "action_flag": 1,
    "change_message": "[{\"added\": {}}, {\"added\": {\"name\": \"size option\", \"object\": \"34\"}}, {\"added\": {\"name\": \"size option\", \"object\": \"36\"}}]"
  }
},
{
  "model": "admin.logentry",
  "pk": 30,
  "fields": {
    "action_time": "2025-05-18T13:31:20.909Z",
    "user": 3,
    "content_type": 21,
    "object_id": "8",
    "object_repr": "Туфли \"Офисный стиль\"",
    "action_flag": 2,
    "change_message": "[{\"changed\": {\"fields\": [\"Image\"]}}, {\"added\": {\"name\": \"product image\", \"object\": \"ProductImage object (12)\"}}, {\"added\": {\"name\": \"product image\", \"object\": \"ProductImage object (13)\"}}]"
  }
},
{
  "model": "admin.logentry",
  "pk": 31,
  "fields": {
    "action_time": "2025-05-18T13:31:51.299Z",
    "user": 3,
    "content_type": 21,
    "object_id": "4",
    "object_repr": "Балетки \"Комфорт\"",
    "action_flag": 2,
    "change_message": "[{\"changed\": {\"fields\": [\"Image\"]}}]"
  }
},
{
  "model": "admin.logentry",
  "pk": 32,
  "fields": {
    "action_time": "2025-05-18T13:32:27.903Z",
    "user": 3,
    "content_type": 21,
    "object_id": "6",
    "object_repr": "Ботфорты \"Грация\"",
    "action_flag": 2,
    "change_message": "[{\"changed\": {\"fields\": [\"Image\"]}}]"
  }
},
{
  "model": "admin.logentry",
  "pk": 33,
  "fields": {
    "action_time": "2025-05-18T13:35:27.912Z",
    "user": 3,
    "content_type": 21,
    "object_id": "9",
    "object_repr": "Угги \"Мягкие\"",
    "action_flag": 1,
    "change_message": "[{\"added\": {}}, {\"added\": {\"name\": \"product image\", \"object\": \"ProductImage object (14)\"}}, {\"added\": {\"name\": \"product image\", \"object\": \"ProductImage object (15)\"}}, {\"added\": {\"name\": \"product image\", \"object\": \"ProductImage object (16)\"}}, {\"added\": {\"name\": \"size option\", \"object\": \"34\"}}, {\"added\": {\"name\": \"size option\", \"object\": \"36\"}}, {\"added\": {\"name\": \"size option\", \"object\": \"37\"}}, {\"added\": {\"name\": \"size option\", \"object\": \"38\"}}]"
  }
},
{
  "model": "admin.logentry",
  "pk": 34,
  "fields": {
    "action_time": "2025-05-18T13:40:16.023Z",
    "user": 3,
    "content_type": 21,
    "object_id": "10",
    "object_repr": "Кеды \"Ретро\"",
    "action_flag": 1,
    "change_message": "[{\"added\": {}}, {\"added\": {\"name\": \"product image\", \"object\": \"ProductImage object (17)\"}}, {\"added\": {\"name\": \"product image\", \"object\": \"ProductImage object (18)\"}}, {\"added\": {\"name\": \"product image\", \"object\": \"ProductImage object (19)\"}}, {\"added\": {\"name\": \"size option\", \"object\": \"36\"}}, {\"added\": {\"name\": \"size option\", \"object\": \"37\"}}]"
  }
},
{
  "model": "admin.logentry",
  "pk": 35,
  "fields": {
    "action_time": "2025-05-18T13:43:44.039Z",
    "user": 3,
    "content_type": 21,
    "object_id": "11",
    "object_repr": "Сабо \"Домашние\"",
    "action_flag": 1,
    "change_message": "[{\"added\": {}}, {\"added\": {\"name\": \"product image\", \"object\": \"ProductImage object (20)\"}}, {\"added\": {\"name\": \"product image\", \"object\": \"ProductImage object (21)\"}}, {\"added\": {\"name\": \"size option\", \"object\": \"36\"}}, {\"added\": {\"name\": \"size option\", \"object\": \"38\"}}]"
  }
},
{
  "model": "admin.logentry",
  "pk": 36,
  "fields": {
    "action_time": "2025-05-18T13:46:18.824Z",
    "user": 3,
    "content_type": 21,
    "object_id": "12",
    "object_repr": "Ботильоны \"Гранд\"",
    "action_flag": 1,
    "change_message": "[{\"added\": {}}, {\"added\": {\"name\": \"product image\", \"object\": \"ProductImage object (22)\"}}, {\"added\": {\"name\": \"product image\", \"object\": \"ProductImage object (23)\"}}, {\"added\": {\"name\": \"product image\", \"object\": \"ProductImage object (24)\"}}, {\"added\": {\"name\": \"size option\", \"object\": \"38\"}}, {\"added\": {\"name\": \"size option\", \"object\": \"39\"}}, {\"added\": {\"name\": \"size option\", \"object\": \"40\"}}]"
  }
},
{
  "model": "admin.logentry",
  "pk": 37,
  "fields": {
    "action_time": "2025-05-18T13:50:38.503Z",
    "user": 3,
    "content_type": 21,
    "object_id": "13",
    "object_repr": "Эспадрильи \"Летний бриз\"",
    "action_flag": 1,
    "change_message": "[{\"added\": {}}, {\"added\": {\"name\": \"product image\", \"object\": \"ProductImage object (25)\"}}, {\"added\": {\"name\": \"product image\", \"object\": \"ProductImage object (26)\"}}, {\"added\": {\"name\": \"size option\", \"object\": \"34\"}}, {\"added\": {\"name\": \"size option\", \"object\": \"36\"}}, {\"added\": {\"name\": \"size option\", \"object\": \"37\"}}]"
  }
},
{
  "model": "admin.logentry",
  "pk": 38,
  "fields": {
    "action_time": "2025-05-18T13:53:56.547Z",
    "user": 3,
    "content_type": 21,
    "object_id": "14",
    "object_repr": "Сапоги \"Снежная королева\"",
    "action_flag": 1,
    "change_message": "[{\"added\": {}}, {\"added\": {\"name\": \"product image\", \"object\": \"ProductImage object (27)\"}}, {\"added\": {\"name\": \"size option\", \"object\": \"38\"}}, {\"added\": {\"name\": \"size option\", \"object\": \"39\"}}]"
  }
},
{
  "model": "admin.logentry",
  "pk": 39,
  "fields": {
    "action_time": "2025-05-18T13:56:12.339Z",
    "user": 3,
    "content_type": 21,
    "object_id": "15",
    "object_repr": "Слипоны \"Мини\"",
    "action_flag": 1,
    "change_message": "[{\"added\": {}}, {\"added\": {\"name\": \"product image\", \"object\": \"ProductImage object (28)\"}}, {\"added\": {\"name\": \"product image\", \"object\": \"ProductImage object (29)\"}}, {\"added\": {\"name\": \"size option\", \"object\": \"32\"}}, {\"added\": {\"name\": \"size option\", \"object\": \"34\"}}, {\"added\": {\"name\": \"size option\", \"object\": \"36\"}}, {\"added\": {\"name\": \"size option\", \"object\": \"37\"}}, {\"added\": {\"name\": \"size option\", \"object\": \"38\"}}, {\"added\": {\"name\": \"size option\", \"object\": \"39\"}}]"
  }
},
{
  "model": "admin.logentry",
  "pk": 40,
  "fields": {
    "action_time": "2025-05-18T13:58:13.804Z",
    "user": 3,
    "content_type": 21,
    "object_id": "16",
    "object_repr": "Туфли \"Вечерние\"",
    "action_flag": 1,
    "change_message": "[{\"added\": {}}, {\"added\": {\"name\": \"product image\", \"object\": \"ProductImage object (30)\"}}, {\"added\": {\"name\": \"product image\", \"object\": \"ProductImage object (31)\"}}, {\"added\": {\"name\": \"size option\", \"object\": \"36\"}}, {\"added\": {\"name\": \"size option\", \"object\": \"37\"}}]"
  }
},
{
  "model": "admin.logentry",
  "pk": 41,
  "fields": {
    "action_time": "2025-05-18T14:01:15.600Z",
    "user": 3,
    "content_type": 21,
    "object_id": "17",
    "object_repr": "Мюли \"Комфорт+\"",
    "action_flag": 1,
    "change_message": "[{\"added\": {}}, {\"added\": {\"name\": \"product image\", \"object\": \"ProductImage object (32)\"}}, {\"added\": {\"name\": \"product image\", \"object\": \"ProductImage object (33)\"}}, {\"added\": {\"name\": \"size option\", \"object\": \"34\"}}, {\"added\": {\"name\": \"size option\", \"object\": \"36\"}}, {\"added\": {\"name\": \"size option\", \"object\": \"37\"}}]"
  }
},
{
  "model": "admin.logentry",
  "pk": 42,
  "fields": {
    "action_time": "2025-05-18T14:03:11.430Z",
    "user": 3,
    "content_type": 21,
    "object_id": "18",
    "object_repr": "Босоножки \"Римские\"",
    "action_flag": 1,
    "change_message": "[{\"added\": {}}, {\"added\": {\"name\": \"product image\", \"object\": \"ProductImage object (34)\"}}, {\"added\": {\"name\": \"product image\", \"object\": \"ProductImage object (35)\"}}, {\"added\": {\"name\": \"size option\", \"object\": \"36\"}}, {\"added\": {\"name\": \"size option\", \"object\": \"37\"}}]"
  }
},
{
  "model": "admin.logentry",
  "pk": 43,
  "fields": {
    "action_time": "2025-05-18T14:04:10.101Z",
    "user": 3,
    "content_type": 21,
    "object_id": "18",
    "object_repr": "Босоножки \"Римские\"",
    "action_flag": 2,
    "change_message": "[{\"changed\": {\"fields\": [\"Is popular\"]}}]"
  }
},
{
  "model": "admin.logentry",
  "pk": 44,
  "fields": {
    "action_time": "2025-05-18T14:04:10.328Z",
    "user": 3,
    "content_type": 21,
    "object_id": "18",
    "object_repr": "Босоножки \"Римские\"",
    "action_flag": 2,
    "change_message": "[]"
  }
},
{
  "model": "admin.logentry",
  "pk": 45,
  "fields": {
    "action_time": "2025-05-18T14:04:58.970Z",
    "user": 3,
    "content_type": 19,
    "object_id": "8",
    "object_repr": "мужская обувь",
    "action_flag": 1,
    "change_message": "[{\"added\": {}}]"
  }
},
{
  "model": "admin.logentry",
  "pk": 46,
  "fields": {
    "action_time": "2025-05-18T14:09:04.480Z",
    "user": 3,
    "content_type": 21,
    "object_id": "19",
    "object_repr": "Кроссовки \"Ультра-Ран\"",
    "action_flag": 1,
    "change_message": "[{\"added\": {}}, {\"added\": {\"name\": \"product image\", \"object\": \"ProductImage object (36)\"}}, {\"added\": {\"name\": \"product image\", \"object\": \"ProductImage object (37)\"}}, {\"added\": {\"name\": \"size option\", \"object\": \"32\"}}, {\"added\": {\"name\": \"size option\", \"object\": \"34\"}}, {\"added\": {\"name\": \"size option\", \"object\": \"36\"}}]"
  }
},
{
  "model": "admin.logentry",
  "pk": 47,
  "fields": {
    "action_time": "2025-05-18T14:11:47.262Z",
    "user": 3,
    "content_type": 21,
    "object_id": "19",
    "object_repr": "Кроссовки \"Ультра-Ран\"",
    "action_flag": 2,
    "change_message": "[{\"changed\": {\"fields\": [\"Stock\"]}}]"
  }
},
{
  "model": "admin.logentry",
  "pk": 48,
  "fields": {
    "action_time": "2025-05-18T14:14:37.278Z",
    "user": 3,
    "content_type": 21,
    "object_id": "20",
    "object_repr": "Название товара: Ботинки \"Челленджер\"",
    "action_flag": 1,
    "change_message": "[{\"added\": {}}, {\"added\": {\"name\": \"product image\", \"object\": \"ProductImage object (38)\"}}, {\"added\": {\"name\": \"product image\", \"object\": \"ProductImage object (39)\"}}, {\"added\": {\"name\": \"size option\", \"object\": \"40\"}}, {\"added\": {\"name\": \"size option\", \"object\": \"39\"}}, {\"added\": {\"name\": \"size option\", \"object\": \"38\"}}]"
  }
},
{
  "model": "admin.logentry",
  "pk": 49,
  "fields": {
    "action_time": "2025-05-18T14:16:01.668Z",
    "user": 3,
    "content_type": 21,
    "object_id": "21",
    "object_repr": "Туфли \"Офисные\"",
    "action_flag": 1,
    "change_message": "[{\"added\": {}}, {\"added\": {\"name\": \"product image\", \"object\": \"ProductImage object (40)\"}}, {\"added\": {\"name\": \"product image\", \"object\": \"ProductImage object (41)\"}}, {\"added\": {\"name\": \"size option\", \"object\": \"39\"}}, {\"added\": {\"name\": \"size option\", \"object\": \"40\"}}]"
  }
},
{
  "model": "admin.logentry",
  "pk": 50,
  "fields": {
    "action_time": "2025-05-18T14:18:00.534Z",
    "user": 3,
    "content_type": 21,
    "object_id": "22",
    "object_repr": "Сандалии \"Кемпинг\"",
    "action_flag": 1,
    "change_message": "[{\"added\": {}}, {\"added\": {\"name\": \"product image\", \"object\": \"ProductImage object (42)\"}}, {\"added\": {\"name\": \"product image\", \"object\": \"ProductImage object (43)\"}}, {\"added\": {\"name\": \"size option\", \"object\": \"40\"}}, {\"added\": {\"name\": \"size option\", \"object\": \"39\"}}, {\"added\": {\"name\": \"size option\", \"object\": \"38\"}}]"
  }
},
{
  "model": "admin.logentry",
  "pk": 51,
  "fields": {
    "action_time": "2025-05-18T14:20:19.078Z",
    "user": 3,
    "content_type": 21,
    "object_id": "23",
    "object_repr": "Кеды \"Классик\"",
    "action_flag": 1,
    "change_message": "[{\"added\": {}}, {\"added\": {\"name\": \"product image\", \"object\": \"ProductImage object (44)\"}}, {\"added\": {\"name\": \"product image\", \"object\": \"ProductImage object (45)\"}}, {\"added\": {\"name\": \"size option\", \"object\": \"40\"}}, {\"added\": {\"name\": \"size option\", \"object\": \"39\"}}, {\"added\": {\"name\": \"size option\", \"object\": \"38\"}}]"
  }
},
{
  "model": "admin.logentry",
  "pk": 52,
  "fields": {
    "action_time": "2025-05-18T14:23:41.377Z",
    "user": 3,
    "content_type": 21,
    "object_id": "24",
    "object_repr": "Сапоги \"Зимний драйв\"",
    "action_flag": 1,
    "change_message": "[{\"added\": {}}, {\"added\": {\"name\": \"product image\", \"object\": \"ProductImage object (46)\"}}, {\"added\": {\"name\": \"product image\", \"object\": \"ProductImage object (47)\"}}, {\"added\": {\"name\": \"size option\", \"object\": \"40\"}}, {\"added\": {\"name\": \"size option\", \"object\": \"39\"}}]"
  }
},
{
  "model": "admin.logentry",
  "pk": 53,
  "fields": {
    "action_time": "2025-05-18T14:25:49.510Z",
    "user": 3,
    "content_type": 21,
    "object_id": "25",
    "object_repr": "Мокасины \"Премиум\"",
    "action_flag": 1,
    "change_message": "[{\"added\": {}}, {\"added\": {\"name\": \"product image\", \"object\": \"ProductImage object (48)\"}}, {\"added\": {\"name\": \"product image\", \"object\": \"ProductImage object (49)\"}}, {\"added\": {\"name\": \"size option\", \"object\": \"39\"}}, {\"added\": {\"name\": \"size option\", \"object\": \"40\"}}]"
  }
},
{
  "model": "admin.logentry",
  "pk": 54,
  "fields": {
    "action_time": "2025-05-18T14:28:12.416Z",
    "user": 3,
    "content_type": 21,
    "object_id": "26",
    "object_repr": "Лоферы \"Бизнес\"",
    "action_flag": 1,
    "change_message": "[{\"added\": {}}, {\"added\": {\"name\": \"product image\", \"object\": \"ProductImage object (50)\"}}, {\"added\": {\"name\": \"product image\", \"object\": \"ProductImage object (51)\"}}, {\"added\": {\"name\": \"size option\", \"object\": \"37\"}}, {\"added\": {\"name\": \"size option\", \"object\": \"38\"}}]"
  }
},
{
  "model": "admin.logentry",
  "pk": 55,
  "fields": {
    "action_time": "2025-05-18T14:35:05.153Z",
    "user": 3,
    "content_type": 21,
    "object_id": "27",
    "object_repr": "Слипоны \"Минимал\"",
    "action_flag": 1,
    "change_message": "[{\"added\": {}}, {\"added\": {\"name\": \"product image\", \"object\": \"ProductImage object (52)\"}}, {\"added\": {\"name\": \"product image\", \"object\": \"ProductImage object (53)\"}}, {\"added\": {\"name\": \"size option\", \"object\": \"40\"}}, {\"added\": {\"name\": \"size option\", \"object\": \"39\"}}]"
  }
},
{
  "model": "admin.logentry",
  "pk": 56,
  "fields": {
    "action_time": "2025-05-18T14:35:42.948Z",
    "user": 3,
    "content_type": 25,
    "object_id": "8",
    "object_repr": "мужская обувь",
    "action_flag": 1,
    "change_message": "[{\"added\": {}}]"
  }
},
{
  "model": "admin.logentry",
  "pk": 57,
  "fields": {
    "action_time": "2025-05-18T14:37:00.718Z",
    "user": 3,
    "content_type": 21,
    "object_id": "28",
    "object_repr": "Полуботинки \"Универсал\"",
    "action_flag": 1,
    "change_message": "[{\"added\": {}}, {\"added\": {\"name\": \"product image\", \"object\": \"ProductImage object (54)\"}}, {\"added\": {\"name\": \"product image\", \"object\": \"ProductImage object (55)\"}}, {\"added\": {\"name\": \"product image\", \"object\": \"ProductImage object (56)\"}}, {\"added\": {\"name\": \"size option\", \"object\": \"40\"}}]"
  }
},
{
  "model": "admin.logentry",
  "pk": 58,
  "fields": {
    "action_time": "2025-05-18T14:39:12.359Z",
    "user": 3,
    "content_type": 21,
    "object_id": "29",
    "object_repr": "Ботинки \"Треккинг\"",
    "action_flag": 1,
    "change_message": "[{\"added\": {}}, {\"added\": {\"name\": \"product image\", \"object\": \"ProductImage object (57)\"}}, {\"added\": {\"name\": \"product image\", \"object\": \"ProductImage object (58)\"}}, {\"added\": {\"name\": \"product image\", \"object\": \"ProductImage object (59)\"}}, {\"added\": {\"name\": \"size option\", \"object\": \"40\"}}, {\"added\": {\"name\": \"size option\", \"object\": \"39\"}}]"
  }
},
{
  "model": "admin.logentry",
  "pk": 59,
  "fields": {
    "action_time": "2025-05-18T19:51:07.852Z",
    "user": 3,
    "content_type": 21,
    "object_id": "1",
    "object_repr": "Босоножки на каблуке \"Элеганс\"",
    "action_flag": 3,
    "change_message": ""
  }
},
{
  "model": "admin.logentry",
  "pk": 60,
  "fields": {
    "action_time": "2025-05-18T19:51:19.149Z",
    "user": 3,
    "content_type": 21,
    "object_id": "28",
    "object_repr": "Полуботинки \"Универсал\"",
    "action_flag": 2,
    "change_message": "[{\"changed\": {\"fields\": [\"Is popular\"]}}]"
  }
},
{
  "model": "admin.logentry",
  "pk": 61,
  "fields": {
    "action_time": "2025-05-18T19:51:39.042Z",
    "user": 3,
    "content_type": 21,
    "object_id": "27",
    "object_repr": "Слипоны \"Минимал\"",
    "action_flag": 2,
    "change_message": "[{\"changed\": {\"fields\": [\"\\u0420\\u0435\\u043a\\u043e\\u043c\\u0435\\u043d\\u0434\\u043e\\u0432\\u0430\\u043d\\u043d\\u044b\\u0439 \\u0442\\u043e\\u0432\\u0430\\u0440\"]}}]"
  }
},
{
  "model": "auth.permission",
  "pk": 1,
  "fields": {
    "name": "Can add permission",
    "content_type": 1,
    "codename": "add_permission"
  }
},
{
  "model": "auth.permission",
  "pk": 2,
  "fields": {
    "name": "Can change permission",
    "content_type": 1,
    "codename": "change_permission"
  }
},
{
  "model": "auth.permission",
  "pk": 3,
  "fields": {
    "name": "Can delete permission",
    "content_type": 1,
    "codename": "delete_permission"
  }
},
{
  "model": "auth.permission",
  "pk": 4,
  "fields": {
    "name": "Can view permission",
    "content_type": 1,
    "codename": "view_permission"
  }
},
{
  "model": "auth.permission",
  "pk": 5,
  "fields": {
    "name": "Can add group",
    "content_type": 2,
    "codename": "add_group"
  }
},
{
  "model": "auth.permission",
  "pk": 6,
  "fields": {
    "name": "Can change group",
    "content_type": 2,
    "codename": "change_group"
  }
},
{
  "model": "auth.permission",
  "pk": 7,
  "fields": {
    "name": "Can delete group",
    "content_type": 2,
    "codename": "delete_group"
  }
},
{
  "model": "auth.permission",
  "pk": 8,
  "fields": {
    "name": "Can view group",
    "content_type": 2,
    "codename": "view_group"
  }
},
{
  "model": "auth.permission",
  "pk": 9,
  "fields": {
    "name": "Can add content type",
    "content_type": 3,
    "codename": "add_contenttype"
  }
},
{
  "model": "auth.permission",
  "pk": 10,
  "fields": {
    "name": "Can change content type",
    "content_type": 3,
    "codename": "change_contenttype"
  }
},
{
  "model": "auth.permission",
  "pk": 11,
  "fields": {
    "name": "Can delete content type",
    "content_type": 3,
    "codename": "delete_contenttype"
  }
},
{
  "model": "auth.permission",
  "pk": 12,
  "fields": {
    "name": "Can view content type",
    "content_type": 3,
    "codename": "view_contenttype"
  }
},
{
  "model": "auth.permission",
  "pk": 13,
  "fields": {
    "name": "Can add session",
    "content_type": 4,
    "codename": "add_session"
  }
},
{
  "model": "auth.permission",
  "pk": 14,
  "fields": {
    "name": "Can change session",
    "content_type": 4,
    "codename": "change_session"
  }
},
{
  "model": "auth.permission",
  "pk": 15,
  "fields": {
    "name": "Can delete session",
    "content_type": 4,
    "codename": "delete_session"
  }
},
{
  "model": "auth.permission",
  "pk": 16,
  "fields": {
    "name": "Can view session",
    "content_type": 4,
    "codename": "view_session"
  }
},
{
  "model": "auth.permission",
  "pk": 17,
  "fields": {
    "name": "Can add log entry",
    "content_type": 5,
    "codename": "add_logentry"
  }
},
{
  "model": "auth.permission",
  "pk": 18,
  "fields": {
    "name": "Can change log entry",
    "content_type": 5,
    "codename": "change_logentry"
  }
},
{
  "model": "auth.permission",
  "pk": 19,
  "fields": {
    "name": "Can delete log entry",
    "content_type": 5,
    "codename": "delete_logentry"
  }
},
{
  "model": "auth.permission",
  "pk": 20,
  "fields": {
    "name": "Can view log entry",
    "content_type": 5,
    "codename": "view_logentry"
  }
},
{
  "model": "auth.permission",
  "pk": 21,
  "fields": {
    "name": "Can add association",
    "content_type": 6,
    "codename": "add_association"
  }
},
{
  "model": "auth.permission",
  "pk": 22,
  "fields": {
    "name": "Can change association",
    "content_type": 6,
    "codename": "change_association"
  }
},
{
  "model": "auth.permission",
  "pk": 23,
  "fields": {
    "name": "Can delete association",
    "content_type": 6,
    "codename": "delete_association"
  }
},
{
  "model": "auth.permission",
  "pk": 24,
  "fields": {
    "name": "Can view association",
    "content_type": 6,
    "codename": "view_association"
  }
},
{
  "model": "auth.permission",
  "pk": 25,
  "fields": {
    "name": "Can add code",
    "content_type": 7,
    "codename": "add_code"
  }
},
{
  "model": "auth.permission",
  "pk": 26,
  "fields": {
    "name": "Can change code",
    "content_type": 7,
    "codename": "change_code"
  }
},
{
  "model": "auth.permission",
  "pk": 27,
  "fields": {
    "name": "Can delete code",
    "content_type": 7,
    "codename": "delete_code"
  }
},
{
  "model": "auth.permission",
  "pk": 28,
  "fields": {
    "name": "Can view code",
    "content_type": 7,
    "codename": "view_code"
  }
},
{
  "model": "auth.permission",
  "pk": 29,
  "fields": {
    "name": "Can add nonce",
    "content_type": 8,
    "codename": "add_nonce"
  }
},
{
  "model": "auth.permission",
  "pk": 30,
  "fields": {
    "name": "Can change nonce",
    "content_type": 8,
    "codename": "change_nonce"
  }
},
{
  "model": "auth.permission",
  "pk": 31,
  "fields": {
    "name": "Can delete nonce",
    "content_type": 8,
    "codename": "delete_nonce"
  }
},
{
  "model": "auth.permission",
  "pk": 32,
  "fields": {
    "name": "Can view nonce",
    "content_type": 8,
    "codename": "view_nonce"
  }
},
{
  "model": "auth.permission",
  "pk": 33,
  "fields": {
    "name": "Can add user social auth",
    "content_type": 9,
    "codename": "add_usersocialauth"
  }
},
{
  "model": "auth.permission",
  "pk": 34,
  "fields": {
    "name": "Can change user social auth",
    "content_type": 9,
    "codename": "change_usersocialauth"
  }
},
{
  "model": "auth.permission",
  "pk": 35,
  "fields": {
    "name": "Can delete user social auth",
    "content_type": 9,
    "codename": "delete_usersocialauth"
  }
},
{
  "model": "auth.permission",
  "pk": 36,
  "fields": {
    "name": "Can view user social auth",
    "content_type": 9,
    "codename": "view_usersocialauth"
  }
},
{
  "model": "auth.permission",
  "pk": 37,
  "fields": {
    "name": "Can add partial",
    "content_type": 10,
    "codename": "add_partial"
  }
},
{
  "model": "auth.permission",
  "pk": 38,
  "fields": {
    "name": "Can change partial",
    "content_type": 10,
    "codename": "change_partial"
  }
},
{
  "model": "auth.permission",
  "pk": 39,
  "fields": {
    "name": "Can delete partial",
    "content_type": 10,
    "codename": "delete_partial"
  }
},
{
  "model": "auth.permission",
  "pk": 40,
  "fields": {
    "name": "Can view partial",
    "content_type": 10,
    "codename": "view_partial"
  }
},
{
  "model": "auth.permission",
  "pk": 41,
  "fields": {
    "name": "Can add Достижение",
    "content_type": 11,
    "codename": "add_reward"
  }
},
{
  "model": "auth.permission",
  "pk": 42,
  "fields": {
    "name": "Can change Достижение",
    "content_type": 11,
    "codename": "change_reward"
  }
},
{
  "model": "auth.permission",
  "pk": 43,
  "fields": {
    "name": "Can delete Достижение",
    "content_type": 11,
    "codename": "delete_reward"
  }
},
{
  "model": "auth.permission",
  "pk": 44,
  "fields": {
    "name": "Can view Достижение",
    "content_type": 11,
    "codename": "view_reward"
  }
},
{
  "model": "auth.permission",
  "pk": 45,
  "fields": {
    "name": "Can add Пользователь",
    "content_type": 12,
    "codename": "add_user"
  }
},
{
  "model": "auth.permission",
  "pk": 46,
  "fields": {
    "name": "Can change Пользователь",
    "content_type": 12,
    "codename": "change_user"
  }
},
{
  "model": "auth.permission",
  "pk": 47,
  "fields": {
    "name": "Can delete Пользователь",
    "content_type": 12,
    "codename": "delete_user"
  }
},
{
  "model": "auth.permission",
  "pk": 48,
  "fields": {
    "name": "Can view Пользователь",
    "content_type": 12,
    "codename": "view_user"
  }
},
{
  "model": "auth.permission",
  "pk": 49,
  "fields": {
    "name": "Can add user",
    "content_type": 13,
    "codename": "add_customeruser"
  }
},
{
  "model": "auth.permission",
  "pk": 50,
  "fields": {
    "name": "Can change user",
    "content_type": 13,
    "codename": "change_customeruser"
  }
},
{
  "model": "auth.permission",
  "pk": 51,
  "fields": {
    "name": "Can delete user",
    "content_type": 13,
    "codename": "delete_customeruser"
  }
},
{
  "model": "auth.permission",
  "pk": 52,
  "fields": {
    "name": "Can view user",
    "content_type": 13,
    "codename": "view_customeruser"
  }
},
{
  "model": "auth.permission",
  "pk": 53,
  "fields": {
    "name": "Can add Полученное достижение",
    "content_type": 14,
    "codename": "add_userreward"
  }
},
{
  "model": "auth.permission",
  "pk": 54,
  "fields": {
    "name": "Can change Полученное достижение",
    "content_type": 14,
    "codename": "change_userreward"
  }
},
{
  "model": "auth.permission",
  "pk": 55,
  "fields": {
    "name": "Can delete Полученное достижение",
    "content_type": 14,
    "codename": "delete_userreward"
  }
},
{
  "model": "auth.permission",
  "pk": 56,
  "fields": {
    "name": "Can view Полученное достижение",
    "content_type": 14,
    "codename": "view_userreward"
  }
},
{
  "model": "auth.permission",
  "pk": 57,
  "fields": {
    "name": "Can add cart",
    "content_type": 15,
    "codename": "add_cart"
  }
},
{
  "model": "auth.permission",
  "pk": 58,
  "fields": {
    "name": "Can change cart",
    "content_type": 15,
    "codename": "change_cart"
  }
},
{
  "model": "auth.permission",
  "pk": 59,
  "fields": {
    "name": "Can delete cart",
    "content_type": 15,
    "codename": "delete_cart"
  }
},
{
  "model": "auth.permission",
  "pk": 60,
  "fields": {
    "name": "Can view cart",
    "content_type": 15,
    "codename": "view_cart"
  }
},
{
  "model": "auth.permission",
  "pk": 61,
  "fields": {
    "name": "Can add cart item",
    "content_type": 16,
    "codename": "add_cartitem"
  }
},
{
  "model": "auth.permission",
  "pk": 62,
  "fields": {
    "name": "Can change cart item",
    "content_type": 16,
    "codename": "change_cartitem"
  }
},
{
  "model": "auth.permission",
  "pk": 63,
  "fields": {
    "name": "Can delete cart item",
    "content_type": 16,
    "codename": "delete_cartitem"
  }
},
{
  "model": "auth.permission",
  "pk": 64,
  "fields": {
    "name": "Can view cart item",
    "content_type": 16,
    "codename": "view_cartitem"
  }
},
{
  "model": "auth.permission",
  "pk": 65,
  "fields": {
    "name": "Can add order",
    "content_type": 17,
    "codename": "add_order"
  }
},
{
  "model": "auth.permission",
  "pk": 66,
  "fields": {
    "name": "Can change order",
    "content_type": 17,
    "codename": "change_order"
  }
},
{
  "model": "auth.permission",
  "pk": 67,
  "fields": {
    "name": "Can delete order",
    "content_type": 17,
    "codename": "delete_order"
  }
},
{
  "model": "auth.permission",
  "pk": 68,
  "fields": {
    "name": "Can view order",
    "content_type": 17,
    "codename": "view_order"
  }
},
{
  "model": "auth.permission",
  "pk": 69,
  "fields": {
    "name": "Can add order item",
    "content_type": 18,
    "codename": "add_orderitem"
  }
},
{
  "model": "auth.permission",
  "pk": 70,
  "fields": {
    "name": "Can change order item",
    "content_type": 18,
    "codename": "change_orderitem"
  }
},
{
  "model": "auth.permission",
  "pk": 71,
  "fields": {
    "name": "Can delete order item",
    "content_type": 18,
    "codename": "delete_orderitem"
  }
},
{
  "model": "auth.permission",
  "pk": 72,
  "fields": {
    "name": "Can view order item",
    "content_type": 18,
    "codename": "view_orderitem"
  }
},
{
  "model": "auth.permission",
  "pk": 73,
  "fields": {
    "name": "Can add category",
    "content_type": 19,
    "codename": "add_category"
  }
},
{
  "model": "auth.permission",
  "pk": 74,
  "fields": {
    "name": "Can change category",
    "content_type": 19,
    "codename": "change_category"
  }
},
{
  "model": "auth.permission",
  "pk": 75,
  "fields": {
    "name": "Can delete category",
    "content_type": 19,
    "codename": "delete_category"
  }
},
{
  "model": "auth.permission",
  "pk": 76,
  "fields": {
    "name": "Can view category",
    "content_type": 19,
    "codename": "view_category"
  }
},
{
  "model": "auth.permission",
  "pk": 77,
  "fields": {
    "name": "Can add Сравнение",
    "content_type": 20,
    "codename": "add_compare"
  }
},
{
  "model": "auth.permission",
  "pk": 78,
  "fields": {
    "name": "Can change Сравнение",
    "content_type": 20,
    "codename": "change_compare"
  }
},
{
  "model": "auth.permission",
  "pk": 79,
  "fields": {
    "name": "Can delete Сравнение",
    "content_type": 20,
    "codename": "delete_compare"
  }
},
{
  "model": "auth.permission",
  "pk": 80,
  "fields": {
    "name": "Can view Сравнение",
    "content_type": 20,
    "codename": "view_compare"
  }
},
{
  "model": "auth.permission",
  "pk": 81,
  "fields": {
    "name": "Can add product",
    "content_type": 21,
    "codename": "add_product"
  }
},
{
  "model": "auth.permission",
  "pk": 82,
  "fields": {
    "name": "Can change product",
    "content_type": 21,
    "codename": "change_product"
  }
},
{
  "model": "auth.permission",
  "pk": 83,
  "fields": {
    "name": "Can delete product",
    "content_type": 21,
    "codename": "delete_product"
  }
},
{
  "model": "auth.permission",
  "pk": 84,
  "fields": {
    "name": "Can view product",
    "content_type": 21,
    "codename": "view_product"
  }
},
{
  "model": "auth.permission",
  "pk": 85,
  "fields": {
    "name": "Can add product image",
    "content_type": 22,
    "codename": "add_productimage"
  }
},
{
  "model": "auth.permission",
  "pk": 86,
  "fields": {
    "name": "Can change product image",
    "content_type": 22,
    "codename": "change_productimage"
  }
},
{
  "model": "auth.permission",
  "pk": 87,
  "fields": {
    "name": "Can delete product image",
    "content_type": 22,
    "codename": "delete_productimage"
  }
},
{
  "model": "auth.permission",
  "pk": 88,
  "fields": {
    "name": "Can view product image",
    "content_type": 22,
    "codename": "view_productimage"
  }
},
{
  "model": "auth.permission",
  "pk": 89,
  "fields": {
    "name": "Can add review",
    "content_type": 23,
    "codename": "add_review"
  }
},
{
  "model": "auth.permission",
  "pk": 90,
  "fields": {
    "name": "Can change review",
    "content_type": 23,
    "codename": "change_review"
  }
},
{
  "model": "auth.permission",
  "pk": 91,
  "fields": {
    "name": "Can delete review",
    "content_type": 23,
    "codename": "delete_review"
  }
},
{
  "model": "auth.permission",
  "pk": 92,
  "fields": {
    "name": "Can view review",
    "content_type": 23,
    "codename": "view_review"
  }
},
{
  "model": "auth.permission",
  "pk": 93,
  "fields": {
    "name": "Can add size option",
    "content_type": 24,
    "codename": "add_sizeoption"
  }
},
{
  "model": "auth.permission",
  "pk": 94,
  "fields": {
    "name": "Can change size option",
    "content_type": 24,
    "codename": "change_sizeoption"
  }
},
{
  "model": "auth.permission",
  "pk": 95,
  "fields": {
    "name": "Can delete size option",
    "content_type": 24,
    "codename": "delete_sizeoption"
  }
},
{
  "model": "auth.permission",
  "pk": 96,
  "fields": {
    "name": "Can view size option",
    "content_type": 24,
    "codename": "view_sizeoption"
  }
},
{
  "model": "auth.permission",
  "pk": 97,
  "fields": {
    "name": "Can add tag",
    "content_type": 25,
    "codename": "add_tag"
  }
},
{
  "model": "auth.permission",
  "pk": 98,
  "fields": {
    "name": "Can change tag",
    "content_type": 25,
    "codename": "change_tag"
  }
},
{
  "model": "auth.permission",
  "pk": 99,
  "fields": {
    "name": "Can delete tag",
    "content_type": 25,
    "codename": "delete_tag"
  }
},
{
  "model": "auth.permission",
  "pk": 100,
  "fields": {
    "name": "Can view tag",
    "content_type": 25,
    "codename": "view_tag"
  }
},
{
  "model": "auth.permission",
  "pk": 101,
  "fields": {
    "name": "Can add wishlist",
    "content_type": 26,
    "codename": "add_wishlist"
  }
},
{
  "model": "auth.permission",
  "pk": 102,
  "fields": {
    "name": "Can change wishlist",
    "content_type": 26,
    "codename": "change_wishlist"
  }
},
{
  "model": "auth.permission",
  "pk": 103,
  "fields": {
    "name": "Can delete wishlist",
    "content_type": 26,
    "codename": "delete_wishlist"
  }
},
{
  "model": "auth.permission",
  "pk": 104,
  "fields": {
    "name": "Can view wishlist",
    "content_type": 26,
    "codename": "view_wishlist"
  }
},
{
  "model": "auth.permission",
  "pk": 105,
  "fields": {
    "name": "Can add Статья",
    "content_type": 27,
    "codename": "add_article"
  }
},
{
  "model": "auth.permission",
  "pk": 106,
  "fields": {
    "name": "Can change Статья",
    "content_type": 27,
    "codename": "change_article"
  }
},
{
  "model": "auth.permission",
  "pk": 107,
  "fields": {
    "name": "Can delete Статья",
    "content_type": 27,
    "codename": "delete_article"
  }
},
{
  "model": "auth.permission",
  "pk": 108,
  "fields": {
    "name": "Can view Статья",
    "content_type": 27,
    "codename": "view_article"
  }
},
{
  "model": "auth.permission",
  "pk": 109,
  "fields": {
    "name": "Может публиковать статьи",
    "content_type": 27,
    "codename": "can_publish"
  }
},
{
  "model": "auth.permission",
  "pk": 110,
  "fields": {
    "name": "Может редактировать все статьи",
    "content_type": 27,
    "codename": "can_edit_all"
  }
},
{
  "model": "auth.permission",
  "pk": 111,
  "fields": {
    "name": "Can add order status log",
    "content_type": 28,
    "codename": "add_orderstatuslog"
  }
},
{
  "model": "auth.permission",
  "pk": 112,
  "fields": {
    "name": "Can change order status log",
    "content_type": 28,
    "codename": "change_orderstatuslog"
  }
},
{
  "model": "auth.permission",
  "pk": 113,
  "fields": {
    "name": "Can delete order status log",
    "content_type": 28,
    "codename": "delete_orderstatuslog"
  }
},
{
  "model": "auth.permission",
  "pk": 114,
  "fields": {
    "name": "Can view order status log",
    "content_type": 28,
    "codename": "view_orderstatuslog"
  }
},
{
  "model": "contenttypes.contenttype",
  "pk": 1,
  "fields": {
    "app_label": "auth",
    "model": "permission"
  }
},
{
  "model": "contenttypes.contenttype",
  "pk": 2,
  "fields": {
    "app_label": "auth",
    "model": "group"
  }
},
{
  "model": "contenttypes.contenttype",
  "pk": 3,
  "fields": {
    "app_label": "contenttypes",
    "model": "contenttype"
  }
},
{
  "model": "contenttypes.contenttype",
  "pk": 4,
  "fields": {
    "app_label": "sessions",
    "model": "session"
  }
},
{
  "model": "contenttypes.contenttype",
  "pk": 5,
  "fields": {
    "app_label": "admin",
    "model": "logentry"
  }
},
{
  "model": "contenttypes.contenttype",
  "pk": 6,
  "fields": {
    "app_label": "social_django",
    "model": "association"
  }
},
{
  "model": "contenttypes.contenttype",
  "pk": 7,
  "fields": {
    "app_label": "social_django",
    "model": "code"
  }
},
{
  "model": "contenttypes.contenttype",
  "pk": 8,
  "fields": {
    "app_label": "social_django",
    "model": "nonce"
  }
},
{
  "model": "contenttypes.contenttype",
  "pk": 9,
  "fields": {
    "app_label": "social_django",
    "model": "usersocialauth"
  }
},
{
  "model": "contenttypes.contenttype",
  "pk": 10,
  "fields": {
    "app_label": "social_django",
    "model": "partial"
  }
},
{
  "model": "contenttypes.contenttype",
  "pk": 11,
  "fields": {
    "app_label": "users",
    "model": "reward"
  }
},
{
  "model": "contenttypes.contenttype",
  "pk": 12,
  "fields": {
    "app_label": "users",
    "model": "user"
  }
},
{
  "model": "contenttypes.contenttype",
  "pk": 13,
  "fields": {
    "app_label": "users",
    "model": "customeruser"
  }
},
{
  "model": "contenttypes.contenttype",
  "pk": 14,
  "fields": {
    "app_label": "users",
    "model": "userreward"
  }
},
{
  "model": "contenttypes.contenttype",
  "pk": 15,
  "fields": {
    "app_label": "orders",
    "model": "cart"
  }
},
{
  "model": "contenttypes.contenttype",
  "pk": 16,
  "fields": {
    "app_label": "orders",
    "model": "cartitem"
  }
},
{
  "model": "contenttypes.contenttype",
  "pk": 17,
  "fields": {
    "app_label": "orders",
    "model": "order"
  }
},
{
  "model": "contenttypes.contenttype",
  "pk": 18,
  "fields": {
    "app_label": "orders",
    "model": "orderitem"
  }
},
{
  "model": "contenttypes.contenttype",
  "pk": 19,
  "fields": {
    "app_label": "products",
    "model": "category"
  }
},
{
  "model": "contenttypes.contenttype",
  "pk": 20,
  "fields": {
    "app_label": "products",
    "model": "compare"
  }
},
{
  "model": "contenttypes.contenttype",
  "pk": 21,
  "fields": {
    "app_label": "products",
    "model": "product"
  }
},
{
  "model": "contenttypes.contenttype",
  "pk": 22,
  "fields": {
    "app_label": "products",
    "model": "productimage"
  }
},
{
  "model": "contenttypes.contenttype",
  "pk": 23,
  "fields": {
    "app_label": "products",
    "model": "review"
  }
},
{
  "model": "contenttypes.contenttype",
  "pk": 24,
  "fields": {
    "app_label": "products",
    "model": "sizeoption"
  }
},
{
  "model": "contenttypes.contenttype",
  "pk": 25,
  "fields": {
    "app_label": "products",
    "model": "tag"
  }
},
{
  "model": "contenttypes.contenttype",
  "pk": 26,
  "fields": {
    "app_label": "products",
    "model": "wishlist"
  }
},
{
  "model": "contenttypes.contenttype",
  "pk": 27,
  "fields": {
    "app_label": "blog",
    "model": "article"
  }
},
{
  "model": "contenttypes.contenttype",
  "pk": 28,
  "fields": {
    "app_label": "custom_admin",
    "model": "orderstatuslog"
  }
},
{
  "model": "sessions.session",
  "pk": "2j6d5grfba1b6uknzbxa9bhbu529n3o7",
  "fields": {
    "session_data": ".eJxVjEEOwiAQRe_C2pDpUKDj0r1nIMAMUjVtUtqV8e7apAvd_vfef6kQt7WGrckSRlZnher0u6WYHzLtgO9xus06z9O6jEnvij5o09eZ5Xk53L-DGlv91kQUKVnkzmQjPZBhMIIFiRFhYOLivCUAm4sHIYueHTM5GHzXS1LvD8mMNy0:1uKOLg:xCnTCLspqEkGQrubCTs0sZHmelZiOB6WmFM97d2EqKk",
    "expire_date": "2025-06-11T21:30:08.879Z"
  }
},
{
  "model": "sessions.session",
  "pk": "3amptmytkh9rg3zii3c3l33in327sz3m",
  "fields": {
    "session_data": ".eJxVjEEOwiAQRe_C2hDbAcq4dN8zkGEYpGpoUtqV8e7apAvd_vfef6lA21rC1mQJU1IXBer0u0Xih9QdpDvV26x5rusyRb0r-qBNj3OS5_Vw_w4KtfKtBUUyMnp2lLEzZDw4N3jTS4rnOFhLwmwZYp8QhH2O6AEQTQJPnVHvDwN5OFw:1uGmMu:Kq_zDjQMRcPPSTpICvQmUqGZiG2X6vvACb0YP6RnVdU",
    "expire_date": "2025-06-01T22:20:28.796Z"
  }
},
{
  "model": "sessions.session",
  "pk": "oyo20r5il72xjsbmjrmcpo5cymx7l1vj",
  "fields": {
    "session_data": "e30:1uGbSt:Mim9bWpE31vEUTKuWX-5CeRHtH1dRQZfydd9BJRylj0",
    "expire_date": "2025-06-01T10:41:55.273Z"
  }
},
{
  "model": "users.user",
  "pk": 1,
  "fields": {
    "password": "pbkdf2_sha256$1000000$aCOqlTFLXN18UEYBZXhkRZ$nE4aKjFuNtGDnU3YFnFPNF2RECoAvZJTYA8dnB6h5Wo=",
    "last_login": null,
    "is_superuser": false,
    "username": "layla",
    "first_name": "Елизавета",
    "last_name": "Засухина",
    "email": "Zasukhina.2021@mail.ru",
    "is_staff": false,
    "is_active": true,
    "date_joined": "2025-05-18T10:41:54.155Z",
    "role": "user",
    "phone_number": null,
    "address": null,
    "birth_date": "2025-01-08",
    "avatar": "avatars/_UmxS0lPPfNdoCmlUK2j2jCq-7uVIqSLr1tQw577umDyg-drzEXs76oEZzCKr_r2J_TgjiWbJ_9vRPsUqvU5jDrB.jpg",
    "secret_code": null,
    "is_admin": false,
    "groups": [],
    "user_permissions": []
  }
},
{
  "model": "users.user",
  "pk": 2,
  "fields": {
    "password": "pbkdf2_sha256$1000000$9laXRinFbQxWQ31QC1EuX1$E2Qpsglaei4/ygRjoNRN2+yqRbqOqdgPlRKR+FJnq1A=",
    "last_login": "2025-05-28T21:30:08.868Z",
    "is_superuser": false,
    "username": "liza",
    "first_name": "Елизавета",
    "last_name": "Засухина",
    "email": "Zasukhina.2021@mail.ru",
    "is_staff": false,
    "is_active": true,
    "date_joined": "2025-05-18T10:50:50.626Z",
    "role": "user",
    "phone_number": null,
    "address": null,
    "birth_date": "2025-05-08",
    "avatar": "avatars/Лого_Даня.png",
    "secret_code": null,
    "is_admin": false,
    "groups": [],
    "user_permissions": []
  }
},
{
  "model": "users.user",
  "pk": 3,
  "fields": {
    "password": "pbkdf2_sha256$1000000$CHEINCC8LYiTq2tpT92Ebj$MtpJ9OZMdnIDVacRmt4l+NyCzrpFcfksA4/JB5HdNXo=",
    "last_login": "2025-05-28T16:37:53.594Z",
    "is_superuser": true,
    "username": "admin",
    "first_name": "",
    "last_name": "",
    "email": "",
    "is_staff": true,
    "is_active": true,
    "date_joined": "2025-05-18T10:52:13.008Z",
    "role": "user",
    "phone_number": null,
    "address": null,
    "birth_date": null,
    "avatar": "",
    "secret_code": null,
    "is_admin": false,
    "groups": [],
    "user_permissions": []
  }
},
{
  "model": "users.user",
  "pk": 4,
  "fields": {
    "password": "pbkdf2_sha256$1000000$u4NReb49atNPt6WpVAuuO6$A6ZmTXqAFe0YzyHqjl9sbWsnlls0KuK4pAwBlm3WurE=",
    "last_login": "2025-05-28T19:18:51.358Z",
    "is_superuser": true,
    "username": "admin_1",
    "first_name": "",
    "last_name": "",
    "email": "",
    "is_staff": true,
    "is_active": true,
    "date_joined": "2025-05-28T19:18:05.585Z",
    "role": "user",
    "phone_number": null,
    "address": null,
    "birth_date": null,
    "avatar": "",
    "secret_code": null,
    "is_admin": false,
    "groups": [],
    "user_permissions": []
  }
},
{
  "model": "orders.order",
  "pk": 1,
  "fields": {
    "user": 3,
    "first_name": "Засухина",
    "last_name": "Елизавета Андреевна",
    "email": "Zasukhina.2021@mail.ru",
    "phone": "+79242736318",
    "address": "Чита, 672040, г Чита, ул Онискевича, д 8а",
    "total_price": "4500.00",
    "payment_method": "online",
    "delivery_method": "courier",
    "status": "new",
    "created_at": "2025-05-18T12:25:48.909Z",
    "updated_at": "2025-05-28T19:08:45.978Z"
  }
},
{
  "model": "orders.order",
  "pk": 2,
  "fields": {
    "user": 2,
    "first_name": "Засухина",
    "last_name": "Елизавета Андреевна",
    "email": "Zasukhina.2021@mail.ru",
    "phone": "+79242736318",
    "address": "Чита, 672040, г Чита, ул Онискевича, д 8а",
    "total_price": "8400.00",
    "payment_method": "online",
    "delivery_method": "courier",
    "status": "processing",
    "created_at": "2025-05-28T16:37:30.017Z",
    "updated_at": "2025-05-28T16:38:02.402Z"
  }
},
{
  "model": "orders.cart",
  "pk": 1,
  "fields": {
    "user": 3,
    "created_at": "2025-05-18T12:25:40.771Z"
  }
},
{
  "model": "orders.cart",
  "pk": 2,
  "fields": {
    "user": 2,
    "created_at": "2025-05-28T16:37:12.705Z"
  }
},
{
  "model": "orders.cartitem",
  "pk": 2,
  "fields": {
    "cart": 1,
    "product": 28,
    "quantity": 1,
    "size": "40"
  }
},
{
  "model": "orders.cartitem",
  "pk": 3,
  "fields": {
    "cart": 1,
    "product": 20,
    "quantity": 1,
    "size": "39"
  }
},
{
  "model": "products.category",
  "pk": 5,
  "fields": {
    "name": "женская обувь",
    "slug": "zhenskaya-obuv"
  }
},
{
  "model": "products.category",
  "pk": 6,
  "fields": {
    "name": "лето",
    "slug": "leto"
  }
},
{
  "model": "products.category",
  "pk": 7,
  "fields": {
    "name": "кроссовки",
    "slug": "krossovki"
  }
},
{
  "model": "products.category",
  "pk": 8,
  "fields": {
    "name": "мужская обувь",
    "slug": "muzhskaya-obuv"
  }
},
{
  "model": "products.tag",
  "pk": 1,
  "fields": {
    "name": "лето",
    "slug": "leto"
  }
},
{
  "model": "products.tag",
  "pk": 2,
  "fields": {
    "name": "каблук",
    "slug": "kabluk"
  }
},
{
  "model": "products.tag",
  "pk": 3,
  "fields": {
    "name": "кожа",
    "slug": "kozha"
  }
},
{
  "model": "products.tag",
  "pk": 4,
  "fields": {
    "name": "спорт",
    "slug": "sport"
  }
},
{
  "model": "products.tag",
  "pk": 5,
  "fields": {
    "name": "удобные",
    "slug": "udobnye"
  }
},
{
  "model": "products.tag",
  "pk": 6,
  "fields": {
    "name": "зима",
    "slug": "zima"
  }
},
{
  "model": "products.tag",
  "pk": 7,
  "fields": {
    "name": "осень",
    "slug": "osen"
  }
},
{
  "model": "products.tag",
  "pk": 8,
  "fields": {
    "name": "мужская обувь",
    "slug": "muzhskaya-obuv"
  }
},
{
  "model": "products.product",
  "pk": 2,
  "fields": {
    "name": "Кроссовки \"Спорт-Лайт\"",
    "slug": "sport-light-sneakers",
    "description": "Легкие женские кроссовки для бега и повседневной носки.",
    "price": "3200.00",
    "discounted_price": null,
    "is_discounted": false,
    "stock": 0,
    "image": "products/freepik__the-style-is-candid-image-photography-with-natural__7839_NpsosBF.jpeg",
    "category": 5,
    "brand": "lele",
    "rating": "0.0",
    "seasonal_tag": "Лето",
    "is_recommended": true,
    "is_new": true,
    "is_seasonal": true,
    "is_popular": true,
    "created_at": "2025-05-18T12:28:56.948Z",
    "tags": [
      4
    ]
  }
},
{
  "model": "products.product",
  "pk": 3,
  "fields": {
    "name": "Сапоги \"Зимняя сказка\"",
    "slug": "winter-fairy-boots",
    "description": "Теплые сапоги на меху для холодной зимы.",
    "price": "6500.00",
    "discounted_price": "6299.00",
    "is_discounted": true,
    "stock": 0,
    "image": "products/зимняя_обувь.jpg",
    "category": 5,
    "brand": null,
    "rating": "0.0",
    "seasonal_tag": "зима",
    "is_recommended": false,
    "is_new": false,
    "is_seasonal": false,
    "is_popular": false,
    "created_at": "2025-05-18T12:33:54.995Z",
    "tags": [
      6
    ]
  }
},
{
  "model": "products.product",
  "pk": 4,
  "fields": {
    "name": "Балетки \"Комфорт\"",
    "slug": "comfort-ballet-flats",
    "description": "Удобные балетки из мягкой кожи.",
    "price": "2800.00",
    "discounted_price": null,
    "is_discounted": false,
    "stock": 0,
    "image": "products/балетки_3.jpg",
    "category": 5,
    "brand": null,
    "rating": "0.0",
    "seasonal_tag": "Лето",
    "is_recommended": true,
    "is_new": true,
    "is_seasonal": true,
    "is_popular": true,
    "created_at": "2025-05-18T12:41:28.522Z",
    "tags": [
      1
    ]
  }
},
{
  "model": "products.product",
  "pk": 6,
  "fields": {
    "name": "Ботфорты \"Грация\"",
    "slug": "grace-thigh-boots",
    "description": "Высокие сапоги на шпильке.",
    "price": "7200.00",
    "discounted_price": null,
    "is_discounted": false,
    "stock": 0,
    "image": "products/ботфорты.jpg",
    "category": 5,
    "brand": null,
    "rating": "0.0",
    "seasonal_tag": "осень",
    "is_recommended": false,
    "is_new": false,
    "is_seasonal": false,
    "is_popular": true,
    "created_at": "2025-05-18T12:45:12.781Z",
    "tags": [
      7
    ]
  }
},
{
  "model": "products.product",
  "pk": 7,
  "fields": {
    "name": "Сандалии \"Лето-2024\"",
    "slug": "sandalii-leto-2024",
    "description": "summer-2024-sandals",
    "price": "2900.00",
    "discounted_price": "2699.00",
    "is_discounted": true,
    "stock": 0,
    "image": "products/сандалии.jpg",
    "category": 5,
    "brand": null,
    "rating": "0.0",
    "seasonal_tag": null,
    "is_recommended": true,
    "is_new": false,
    "is_seasonal": true,
    "is_popular": false,
    "created_at": "2025-05-18T13:27:34.702Z",
    "tags": [
      1
    ]
  }
},
{
  "model": "products.product",
  "pk": 8,
  "fields": {
    "name": "Туфли \"Офисный стиль\"",
    "slug": "office-lady-shoes",
    "description": "Классические туфли-лодочки.",
    "price": "3800.00",
    "discounted_price": null,
    "is_discounted": false,
    "stock": 0,
    "image": "products/Лодочки.jpg",
    "category": 5,
    "brand": null,
    "rating": "0.0",
    "seasonal_tag": null,
    "is_recommended": false,
    "is_new": false,
    "is_seasonal": false,
    "is_popular": false,
    "created_at": "2025-05-18T13:31:06.354Z",
    "tags": []
  }
},
{
  "model": "products.product",
  "pk": 9,
  "fields": {
    "name": "Угги \"Мягкие\"",
    "slug": "cozy-ugg-boots",
    "description": "Теплые угги из овчины.",
    "price": "5000.00",
    "discounted_price": "4999.00",
    "is_discounted": true,
    "stock": 0,
    "image": "products/угги1.jpg",
    "category": 5,
    "brand": null,
    "rating": "0.0",
    "seasonal_tag": null,
    "is_recommended": false,
    "is_new": false,
    "is_seasonal": false,
    "is_popular": false,
    "created_at": "2025-05-18T13:35:27.905Z",
    "tags": [
      7
    ]
  }
},
{
  "model": "products.product",
  "pk": 10,
  "fields": {
    "name": "Кеды \"Ретро\"",
    "slug": "retro-canvas-sneakers",
    "description": "Стильные кеды в винтажном стиле.",
    "price": "2500.00",
    "discounted_price": null,
    "is_discounted": false,
    "stock": 0,
    "image": "products/кеды_винт2.jpg",
    "category": 5,
    "brand": null,
    "rating": "0.0",
    "seasonal_tag": "осень",
    "is_recommended": true,
    "is_new": true,
    "is_seasonal": true,
    "is_popular": true,
    "created_at": "2025-05-18T13:40:16.016Z",
    "tags": [
      5
    ]
  }
},
{
  "model": "products.product",
  "pk": 11,
  "fields": {
    "name": "Сабо \"Домашние\"",
    "slug": "home-sabots",
    "description": "Удобные сабо для дома.",
    "price": "1500.00",
    "discounted_price": null,
    "is_discounted": false,
    "stock": 0,
    "image": "products/сабо_дом.jpg",
    "category": 5,
    "brand": null,
    "rating": "0.0",
    "seasonal_tag": null,
    "is_recommended": false,
    "is_new": false,
    "is_seasonal": false,
    "is_popular": false,
    "created_at": "2025-05-18T13:43:44.034Z",
    "tags": []
  }
},
{
  "model": "products.product",
  "pk": 12,
  "fields": {
    "name": "Ботильоны \"Гранд\"",
    "slug": "grand-ankle-boots",
    "description": "Стильные ботильоны на устойчивом каблуке.",
    "price": "5200.00",
    "discounted_price": null,
    "is_discounted": false,
    "stock": 0,
    "image": "products/стиль_бот.jpg",
    "category": 5,
    "brand": null,
    "rating": "0.0",
    "seasonal_tag": null,
    "is_recommended": false,
    "is_new": false,
    "is_seasonal": false,
    "is_popular": false,
    "created_at": "2025-05-18T13:46:18.819Z",
    "tags": [
      7
    ]
  }
},
{
  "model": "products.product",
  "pk": 13,
  "fields": {
    "name": "Эспадрильи \"Летний бриз\"",
    "slug": "summer-breeze-espadrilles",
    "description": "Легкие эспадрильи на текстильной подошве.",
    "price": "2100.00",
    "discounted_price": null,
    "is_discounted": false,
    "stock": 0,
    "image": "products/эспадрильи1.jpg",
    "category": 5,
    "brand": null,
    "rating": "0.0",
    "seasonal_tag": null,
    "is_recommended": true,
    "is_new": false,
    "is_seasonal": true,
    "is_popular": false,
    "created_at": "2025-05-18T13:50:38.499Z",
    "tags": [
      1
    ]
  }
},
{
  "model": "products.product",
  "pk": 14,
  "fields": {
    "name": "Сапоги \"Снежная королева\"",
    "slug": "snow-queen-boots",
    "description": "Теплые сапоги на меху с высоким голенищем.",
    "price": "7800.00",
    "discounted_price": "6900.00",
    "is_discounted": true,
    "stock": 0,
    "image": "products/Снежная_королева.jpg",
    "category": 5,
    "brand": null,
    "rating": "0.0",
    "seasonal_tag": "зима",
    "is_recommended": false,
    "is_new": false,
    "is_seasonal": false,
    "is_popular": false,
    "created_at": "2025-05-18T13:53:56.542Z",
    "tags": [
      6
    ]
  }
},
{
  "model": "products.product",
  "pk": 15,
  "fields": {
    "name": "Слипоны \"Мини\"",
    "slug": "mini-slip-ons",
    "description": "Удобные слипоны для повседневной носки.",
    "price": "1900.00",
    "discounted_price": null,
    "is_discounted": false,
    "stock": 0,
    "image": "products/слиппоны1.jpg",
    "category": 5,
    "brand": null,
    "rating": "0.0",
    "seasonal_tag": "Лето",
    "is_recommended": false,
    "is_new": false,
    "is_seasonal": false,
    "is_popular": false,
    "created_at": "2025-05-18T13:56:12.333Z",
    "tags": []
  }
},
{
  "model": "products.product",
  "pk": 16,
  "fields": {
    "name": "Туфли \"Вечерние\"",
    "slug": "evening-heels",
    "description": "Элегантные туфли на шпильке для особых случаев.",
    "price": "4900.00",
    "discounted_price": null,
    "is_discounted": false,
    "stock": 0,
    "image": "products/туфли_на_шпильке1.jpg",
    "category": 5,
    "brand": null,
    "rating": "0.0",
    "seasonal_tag": null,
    "is_recommended": false,
    "is_new": false,
    "is_seasonal": false,
    "is_popular": true,
    "created_at": "2025-05-18T13:58:13.799Z",
    "tags": [
      2
    ]
  }
},
{
  "model": "products.product",
  "pk": 17,
  "fields": {
    "name": "Мюли \"Комфорт+\"",
    "slug": "comfort-mules",
    "description": "Мягкие мюли с открытым носом.",
    "price": "2600.00",
    "discounted_price": null,
    "is_discounted": false,
    "stock": 0,
    "image": "products/мюли.jpg",
    "category": 5,
    "brand": null,
    "rating": "0.0",
    "seasonal_tag": null,
    "is_recommended": false,
    "is_new": false,
    "is_seasonal": false,
    "is_popular": false,
    "created_at": "2025-05-18T14:01:15.594Z",
    "tags": []
  }
},
{
  "model": "products.product",
  "pk": 18,
  "fields": {
    "name": "Босоножки \"Римские\"",
    "slug": "roman-sandals",
    "description": "Сандалии с переплетенными ремешками.",
    "price": "3200.00",
    "discounted_price": null,
    "is_discounted": false,
    "stock": 0,
    "image": "products/сандалии_римские1.jpg",
    "category": 5,
    "brand": null,
    "rating": "0.0",
    "seasonal_tag": null,
    "is_recommended": true,
    "is_new": false,
    "is_seasonal": true,
    "is_popular": true,
    "created_at": "2025-05-18T14:03:11.425Z",
    "tags": [
      1
    ]
  }
},
{
  "model": "products.product",
  "pk": 19,
  "fields": {
    "name": "Кроссовки \"Ультра-Ран\"",
    "slug": "ultra-run-sneakers",
    "description": "Легкие кроссовки для бега.",
    "price": "4000.00",
    "discounted_price": null,
    "is_discounted": false,
    "stock": 250,
    "image": "products/мужские_кросс_1.jpg",
    "category": 8,
    "brand": null,
    "rating": "0.0",
    "seasonal_tag": null,
    "is_recommended": true,
    "is_new": true,
    "is_seasonal": true,
    "is_popular": true,
    "created_at": "2025-05-18T14:09:04.474Z",
    "tags": [
      4
    ]
  }
},
{
  "model": "products.product",
  "pk": 20,
  "fields": {
    "name": "Название товара: Ботинки \"Челленджер\"",
    "slug": "challenger-boots",
    "description": "Кожаные ботинки для города.",
    "price": "6000.00",
    "discounted_price": null,
    "is_discounted": false,
    "stock": 0,
    "image": "products/кож_бот.jpg",
    "category": 8,
    "brand": null,
    "rating": "0.0",
    "seasonal_tag": null,
    "is_recommended": false,
    "is_new": true,
    "is_seasonal": false,
    "is_popular": false,
    "created_at": "2025-05-18T14:14:37.274Z",
    "tags": []
  }
},
{
  "model": "products.product",
  "pk": 21,
  "fields": {
    "name": "Туфли \"Офисные\"",
    "slug": "men-office-shoes",
    "description": "Классические мужские туфли.",
    "price": "4500.00",
    "discounted_price": null,
    "is_discounted": false,
    "stock": 0,
    "image": "products/оф_бот.jpg",
    "category": 8,
    "brand": null,
    "rating": "0.0",
    "seasonal_tag": null,
    "is_recommended": false,
    "is_new": false,
    "is_seasonal": true,
    "is_popular": false,
    "created_at": "2025-05-18T14:16:01.663Z",
    "tags": []
  }
},
{
  "model": "products.product",
  "pk": 22,
  "fields": {
    "name": "Сандалии \"Кемпинг\"",
    "slug": "camping-sandals",
    "description": "Удобные сандалии для отдыха.",
    "price": "2200.00",
    "discounted_price": null,
    "is_discounted": false,
    "stock": 0,
    "image": "products/кемпинг.jpg",
    "category": 8,
    "brand": null,
    "rating": "0.0",
    "seasonal_tag": null,
    "is_recommended": false,
    "is_new": false,
    "is_seasonal": true,
    "is_popular": false,
    "created_at": "2025-05-18T14:18:00.529Z",
    "tags": [
      1
    ]
  }
},
{
  "model": "products.product",
  "pk": 23,
  "fields": {
    "name": "Кеды \"Классик\"",
    "slug": "classic-canvas-sneakers",
    "description": "Простые и стильные кеды.",
    "price": "2700.00",
    "discounted_price": null,
    "is_discounted": false,
    "stock": 0,
    "image": "products/кеды.jpg",
    "category": 8,
    "brand": null,
    "rating": "0.0",
    "seasonal_tag": null,
    "is_recommended": false,
    "is_new": false,
    "is_seasonal": true,
    "is_popular": true,
    "created_at": "2025-05-18T14:20:19.072Z",
    "tags": [
      1
    ]
  }
},
{
  "model": "products.product",
  "pk": 24,
  "fields": {
    "name": "Сапоги \"Зимний драйв\"",
    "slug": "winter-drive-boots",
    "description": "Теплые зимние ботинки.",
    "price": "5800.00",
    "discounted_price": "5299.00",
    "is_discounted": true,
    "stock": 0,
    "image": "products/зим_бот.jpg",
    "category": 8,
    "brand": null,
    "rating": "0.0",
    "seasonal_tag": null,
    "is_recommended": false,
    "is_new": false,
    "is_seasonal": false,
    "is_popular": false,
    "created_at": "2025-05-18T14:23:41.372Z",
    "tags": [
      6
    ]
  }
},
{
  "model": "products.product",
  "pk": 25,
  "fields": {
    "name": "Мокасины \"Премиум\"",
    "slug": "premium-moccasins",
    "description": "Стильные мокасины из кожи.",
    "price": "3500.00",
    "discounted_price": null,
    "is_discounted": false,
    "stock": 0,
    "image": "products/мокассины1.jpg",
    "category": 8,
    "brand": null,
    "rating": "0.0",
    "seasonal_tag": null,
    "is_recommended": false,
    "is_new": false,
    "is_seasonal": false,
    "is_popular": false,
    "created_at": "2025-05-18T14:25:49.504Z",
    "tags": [
      5
    ]
  }
},
{
  "model": "products.product",
  "pk": 26,
  "fields": {
    "name": "Лоферы \"Бизнес\"",
    "slug": "business-loafers",
    "description": "Элегантные лоферы для офиса.",
    "price": "4200.00",
    "discounted_price": null,
    "is_discounted": false,
    "stock": 0,
    "image": "products/лоферы.jpg",
    "category": 8,
    "brand": null,
    "rating": "0.0",
    "seasonal_tag": null,
    "is_recommended": false,
    "is_new": false,
    "is_seasonal": true,
    "is_popular": false,
    "created_at": "2025-05-18T14:28:12.412Z",
    "tags": [
      5
    ]
  }
},
{
  "model": "products.product",
  "pk": 27,
  "fields": {
    "name": "Слипоны \"Минимал\"",
    "slug": "minimal-slip-ons",
    "description": "Удобные слипоны на каждый день.",
    "price": "2300.00",
    "discounted_price": null,
    "is_discounted": false,
    "stock": 0,
    "image": "products/Слипоны.jpg",
    "category": 8,
    "brand": null,
    "rating": "0.0",
    "seasonal_tag": null,
    "is_recommended": true,
    "is_new": false,
    "is_seasonal": false,
    "is_popular": false,
    "created_at": "2025-05-18T14:35:05.148Z",
    "tags": []
  }
},
{
  "model": "products.product",
  "pk": 28,
  "fields": {
    "name": "Полуботинки \"Универсал\"",
    "slug": "universal-shoes",
    "description": "Демисезонные полуботинки.",
    "price": "3900.00",
    "discounted_price": null,
    "is_discounted": false,
    "stock": 0,
    "image": "products/Демисезонные_полуботинки2.jpg",
    "category": 8,
    "brand": null,
    "rating": "0.0",
    "seasonal_tag": null,
    "is_recommended": false,
    "is_new": false,
    "is_seasonal": false,
    "is_popular": true,
    "created_at": "2025-05-18T14:37:00.710Z",
    "tags": [
      8
    ]
  }
},
{
  "model": "products.product",
  "pk": 29,
  "fields": {
    "name": "Ботинки \"Треккинг\"",
    "slug": "trekking-boots",
    "description": "Прочные ботинки для походов.",
    "price": "7500.00",
    "discounted_price": null,
    "is_discounted": false,
    "stock": 0,
    "image": "products/поход.jpg",
    "category": 8,
    "brand": null,
    "rating": "0.0",
    "seasonal_tag": null,
    "is_recommended": false,
    "is_new": true,
    "is_seasonal": false,
    "is_popular": false,
    "created_at": "2025-05-18T14:39:12.353Z",
    "tags": [
      8
    ]
  }
},
{
  "model": "products.product",
  "pk": 30,
  "fields": {
    "name": "лето",
    "slug": "",
    "description": "vbhjnkl;';lkjhgfcdxfghjmk,l",
    "price": "2000.00",
    "discounted_price": null,
    "is_discounted": false,
    "stock": 0,
    "image": "products/photo_2025-05-06_10-58-16.jpg",
    "category": 6,
    "brand": null,
    "rating": "0.0",
    "seasonal_tag": null,
    "is_recommended": false,
    "is_new": false,
    "is_seasonal": false,
    "is_popular": false,
    "created_at": "2025-05-28T17:04:04.851Z",
    "tags": [
      8
    ]
  }
},
{
  "model": "products.product",
  "pk": 31,
  "fields": {
    "name": "каблук",
    "slug": "-1",
    "description": "мвсч",
    "price": "15000.00",
    "discounted_price": null,
    "is_discounted": false,
    "stock": 0,
    "image": "products/images/Group_1.png",
    "category": 5,
    "brand": null,
    "rating": "0.0",
    "seasonal_tag": null,
    "is_recommended": false,
    "is_new": false,
    "is_seasonal": false,
    "is_popular": false,
    "created_at": "2025-05-28T21:28:18.061Z",
    "tags": [
      1
    ]
  }
},
{
  "model": "products.sizeoption",
  "pk": 4,
  "fields": {
    "product": 31,
    "size": "34"
  }
},
{
  "model": "products.sizeoption",
  "pk": 5,
  "fields": {
    "product": 31,
    "size": "36"
  }
},
{
  "model": "products.sizeoption",
  "pk": 6,
  "fields": {
    "product": 31,
    "size": "37"
  }
},
{
  "model": "products.sizeoption",
  "pk": 7,
  "fields": {
    "product": 31,
    "size": "38"
  }
},
{
  "model": "products.sizeoption",
  "pk": 8,
  "fields": {
    "product": 31,
    "size": "39"
  }
},
{
  "model": "products.sizeoption",
  "pk": 9,
  "fields": {
    "product": 31,
    "size": "40"
  }
},
{
  "model": "products.sizeoption",
  "pk": 10,
  "fields": {
    "product": 3,
    "size": "32"
  }
},
{
  "model": "products.sizeoption",
  "pk": 11,
  "fields": {
    "product": 3,
    "size": "34"
  }
},
{
  "model": "products.sizeoption",
  "pk": 12,
  "fields": {
    "product": 3,
    "size": "36"
  }
},
{
  "model": "products.sizeoption",
  "pk": 13,
  "fields": {
    "product": 3,
    "size": "37"
  }
},
{
  "model": "products.sizeoption",
  "pk": 14,
  "fields": {
    "product": 3,
    "size": "38"
  }
},
{
  "model": "products.sizeoption",
  "pk": 15,
  "fields": {
    "product": 4,
    "size": "32"
  }
},
{
  "model": "products.sizeoption",
  "pk": 16,
  "fields": {
    "product": 4,
    "size": "34"
  }
},
{
  "model": "products.sizeoption",
  "pk": 17,
  "fields": {
    "product": 4,
    "size": "36"
  }
},
{
  "model": "products.sizeoption",
  "pk": 18,
  "fields": {
    "product": 4,
    "size": "37"
  }
},
{
  "model": "products.sizeoption",
  "pk": 19,
  "fields": {
    "product": 4,
    "size": "38"
  }
},
{
  "model": "products.sizeoption",
  "pk": 20,
  "fields": {
    "product": 4,
    "size": "39"
  }
},
{
  "model": "products.sizeoption",
  "pk": 21,
  "fields": {
    "product": 4,
    "size": "40"
  }
},
{
  "model": "products.sizeoption",
  "pk": 29,
  "fields": {
    "product": 6,
    "size": "37"
  }
},
{
  "model": "products.sizeoption",
  "pk": 30,
  "fields": {
    "product": 6,
    "size": "38"
  }
},
{
  "model": "products.sizeoption",
  "pk": 31,
  "fields": {
    "product": 7,
    "size": "34"
  }
},
{
  "model": "products.sizeoption",
  "pk": 32,
  "fields": {
    "product": 7,
    "size": "36"
  }
},
{
  "model": "products.sizeoption",
  "pk": 33,
  "fields": {
    "product": 7,
    "size": "37"
  }
},
{
  "model": "products.sizeoption",
  "pk": 34,
  "fields": {
    "product": 7,
    "size": "38"
  }
},
{
  "model": "products.sizeoption",
  "pk": 35,
  "fields": {
    "product": 8,
    "size": "34"
  }
},
{
  "model": "products.sizeoption",
  "pk": 36,
  "fields": {
    "product": 8,
    "size": "36"
  }
},
{
  "model": "products.sizeoption",
  "pk": 37,
  "fields": {
    "product": 9,
    "size": "34"
  }
},
{
  "model": "products.sizeoption",
  "pk": 38,
  "fields": {
    "product": 9,
    "size": "36"
  }
},
{
  "model": "products.sizeoption",
  "pk": 39,
  "fields": {
    "product": 9,
    "size": "37"
  }
},
{
  "model": "products.sizeoption",
  "pk": 40,
  "fields": {
    "product": 9,
    "size": "38"
  }
},
{
  "model": "products.sizeoption",
  "pk": 41,
  "fields": {
    "product": 10,
    "size": "36"
  }
},
{
  "model": "products.sizeoption",
  "pk": 42,
  "fields": {
    "product": 10,
    "size": "37"
  }
},
{
  "model": "products.sizeoption",
  "pk": 43,
  "fields": {
    "product": 11,
    "size": "36"
  }
},
{
  "model": "products.sizeoption",
  "pk": 44,
  "fields": {
    "product": 11,
    "size": "38"
  }
},
{
  "model": "products.sizeoption",
  "pk": 45,
  "fields": {
    "product": 12,
    "size": "38"
  }
},
{
  "model": "products.sizeoption",
  "pk": 46,
  "fields": {
    "product": 12,
    "size": "39"
  }
},
{
  "model": "products.sizeoption",
  "pk": 47,
  "fields": {
    "product": 12,
    "size": "40"
  }
},
{
  "model": "products.sizeoption",
  "pk": 48,
  "fields": {
    "product": 13,
    "size": "34"
  }
},
{
  "model": "products.sizeoption",
  "pk": 49,
  "fields": {
    "product": 13,
    "size": "36"
  }
},
{
  "model": "products.sizeoption",
  "pk": 50,
  "fields": {
    "product": 13,
    "size": "37"
  }
},
{
  "model": "products.sizeoption",
  "pk": 51,
  "fields": {
    "product": 14,
    "size": "38"
  }
},
{
  "model": "products.sizeoption",
  "pk": 52,
  "fields": {
    "product": 14,
    "size": "39"
  }
},
{
  "model": "products.sizeoption",
  "pk": 53,
  "fields": {
    "product": 15,
    "size": "32"
  }
},
{
  "model": "products.sizeoption",
  "pk": 54,
  "fields": {
    "product": 15,
    "size": "34"
  }
},
{
  "model": "products.sizeoption",
  "pk": 55,
  "fields": {
    "product": 15,
    "size": "36"
  }
},
{
  "model": "products.sizeoption",
  "pk": 56,
  "fields": {
    "product": 15,
    "size": "37"
  }
},
{
  "model": "products.sizeoption",
  "pk": 57,
  "fields": {
    "product": 15,
    "size": "38"
  }
},
{
  "model": "products.sizeoption",
  "pk": 58,
  "fields": {
    "product": 15,
    "size": "39"
  }
},
{
  "model": "products.sizeoption",
  "pk": 59,
  "fields": {
    "product": 16,
    "size": "36"
  }
},
{
  "model": "products.sizeoption",
  "pk": 60,
  "fields": {
    "product": 16,
    "size": "37"
  }
},
{
  "model": "products.sizeoption",
  "pk": 61,
  "fields": {
    "product": 17,
    "size": "34"
  }
},
{
  "model": "products.sizeoption",
  "pk": 62,
  "fields": {
    "product": 17,
    "size": "36"
  }
},
{
  "model": "products.sizeoption",
  "pk": 63,
  "fields": {
    "product": 17,
    "size": "37"
  }
},
{
  "model": "products.sizeoption",
  "pk": 64,
  "fields": {
    "product": 18,
    "size": "36"
  }
},
{
  "model": "products.sizeoption",
  "pk": 65,
  "fields": {
    "product": 18,
    "size": "37"
  }
},
{
  "model": "products.sizeoption",
  "pk": 66,
  "fields": {
    "product": 19,
    "size": "32"
  }
},
{
  "model": "products.sizeoption",
  "pk": 67,
  "fields": {
    "product": 19,
    "size": "34"
  }
},
{
  "model": "products.sizeoption",
  "pk": 68,
  "fields": {
    "product": 19,
    "size": "36"
  }
},
{
  "model": "products.sizeoption",
  "pk": 69,
  "fields": {
    "product": 20,
    "size": "40"
  }
},
{
  "model": "products.sizeoption",
  "pk": 70,
  "fields": {
    "product": 20,
    "size": "39"
  }
},
{
  "model": "products.sizeoption",
  "pk": 71,
  "fields": {
    "product": 20,
    "size": "38"
  }
},
{
  "model": "products.sizeoption",
  "pk": 72,
  "fields": {
    "product": 21,
    "size": "39"
  }
},
{
  "model": "products.sizeoption",
  "pk": 73,
  "fields": {
    "product": 21,
    "size": "40"
  }
},
{
  "model": "products.sizeoption",
  "pk": 74,
  "fields": {
    "product": 22,
    "size": "40"
  }
},
{
  "model": "products.sizeoption",
  "pk": 75,
  "fields": {
    "product": 22,
    "size": "39"
  }
},
{
  "model": "products.sizeoption",
  "pk": 76,
  "fields": {
    "product": 22,
    "size": "38"
  }
},
{
  "model": "products.sizeoption",
  "pk": 77,
  "fields": {
    "product": 23,
    "size": "40"
  }
},
{
  "model": "products.sizeoption",
  "pk": 78,
  "fields": {
    "product": 23,
    "size": "39"
  }
},
{
  "model": "products.sizeoption",
  "pk": 79,
  "fields": {
    "product": 23,
    "size": "38"
  }
},
{
  "model": "products.sizeoption",
  "pk": 80,
  "fields": {
    "product": 24,
    "size": "40"
  }
},
{
  "model": "products.sizeoption",
  "pk": 81,
  "fields": {
    "product": 24,
    "size": "39"
  }
},
{
  "model": "products.sizeoption",
  "pk": 82,
  "fields": {
    "product": 25,
    "size": "39"
  }
},
{
  "model": "products.sizeoption",
  "pk": 83,
  "fields": {
    "product": 25,
    "size": "40"
  }
},
{
  "model": "products.sizeoption",
  "pk": 84,
  "fields": {
    "product": 26,
    "size": "37"
  }
},
{
  "model": "products.sizeoption",
  "pk": 85,
  "fields": {
    "product": 26,
    "size": "38"
  }
},
{
  "model": "products.sizeoption",
  "pk": 86,
  "fields": {
    "product": 27,
    "size": "40"
  }
},
{
  "model": "products.sizeoption",
  "pk": 87,
  "fields": {
    "product": 27,
    "size": "39"
  }
},
{
  "model": "products.sizeoption",
  "pk": 88,
  "fields": {
    "product": 28,
    "size": "40"
  }
},
{
  "model": "products.sizeoption",
  "pk": 89,
  "fields": {
    "product": 29,
    "size": "40"
  }
},
{
  "model": "products.sizeoption",
  "pk": 90,
  "fields": {
    "product": 29,
    "size": "39"
  }
},
{
  "model": "products.productimage",
  "pk": 1,
  "fields": {
    "product": 2,
    "image": "static/media/product/image/freepik__the-style-is-candid-image-photography-with-natural__AlOxAkH.jpeg"
  }
},
{
  "model": "products.productimage",
  "pk": 2,
  "fields": {
    "product": 3,
    "image": "static/media/product/image/зимняя_обувь.jpg"
  }
},
{
  "model": "products.productimage",
  "pk": 3,
  "fields": {
    "product": 3,
    "image": "static/media/product/image/зимняя_обувь_2.jpg"
  }
},
{
  "model": "products.productimage",
  "pk": 4,
  "fields": {
    "product": 3,
    "image": "static/media/product/image/зимняя_обувь_3.jpg"
  }
},
{
  "model": "products.productimage",
  "pk": 5,
  "fields": {
    "product": 4,
    "image": "static/media/product/image/балетки.jpg"
  }
},
{
  "model": "products.productimage",
  "pk": 6,
  "fields": {
    "product": 4,
    "image": "static/media/product/image/балетки_2.jpg"
  }
},
{
  "model": "products.productimage",
  "pk": 7,
  "fields": {
    "product": 4,
    "image": "static/media/product/image/балетки_3.jpg"
  }
},
{
  "model": "products.productimage",
  "pk": 8,
  "fields": {
    "product": 6,
    "image": "static/media/product/image/ботфорты.jpg"
  }
},
{
  "model": "products.productimage",
  "pk": 9,
  "fields": {
    "product": 6,
    "image": "static/media/product/image/ботфорты2.jpg"
  }
},
{
  "model": "products.productimage",
  "pk": 10,
  "fields": {
    "product": 7,
    "image": "static/media/product/image/сандалии.jpg"
  }
},
{
  "model": "products.productimage",
  "pk": 11,
  "fields": {
    "product": 7,
    "image": "static/media/product/image/сандалии1.jpg"
  }
},
{
  "model": "products.productimage",
  "pk": 12,
  "fields": {
    "product": 8,
    "image": "static/media/product/image/Лодочки.jpg"
  }
},
{
  "model": "products.productimage",
  "pk": 13,
  "fields": {
    "product": 8,
    "image": "static/media/product/image/лодочки1.jpg"
  }
},
{
  "model": "products.productimage",
  "pk": 14,
  "fields": {
    "product": 9,
    "image": "static/media/product/image/угги.jpg"
  }
},
{
  "model": "products.productimage",
  "pk": 15,
  "fields": {
    "product": 9,
    "image": "static/media/product/image/угги1.jpg"
  }
},
{
  "model": "products.productimage",
  "pk": 16,
  "fields": {
    "product": 9,
    "image": "static/media/product/image/угги2.jpg"
  }
},
{
  "model": "products.productimage",
  "pk": 17,
  "fields": {
    "product": 10,
    "image": "static/media/product/image/кеды_винт.jpg"
  }
},
{
  "model": "products.productimage",
  "pk": 18,
  "fields": {
    "product": 10,
    "image": "static/media/product/image/кеды_винт1.jpg"
  }
},
{
  "model": "products.productimage",
  "pk": 19,
  "fields": {
    "product": 10,
    "image": "static/media/product/image/кеды_винт2.jpg"
  }
},
{
  "model": "products.productimage",
  "pk": 20,
  "fields": {
    "product": 11,
    "image": "static/media/product/image/сабо_дом.jpg"
  }
},
{
  "model": "products.productimage",
  "pk": 21,
  "fields": {
    "product": 11,
    "image": "static/media/product/image/сабо_дом1.jpg"
  }
},
{
  "model": "products.productimage",
  "pk": 22,
  "fields": {
    "product": 12,
    "image": "static/media/product/image/стиль_бот.jpg"
  }
},
{
  "model": "products.productimage",
  "pk": 23,
  "fields": {
    "product": 12,
    "image": "static/media/product/image/стиль_бот1.jpg"
  }
},
{
  "model": "products.productimage",
  "pk": 24,
  "fields": {
    "product": 12,
    "image": "static/media/product/image/стиль_бот2.jpg"
  }
},
{
  "model": "products.productimage",
  "pk": 25,
  "fields": {
    "product": 13,
    "image": "static/media/product/image/эспадрильи1.jpg"
  }
},
{
  "model": "products.productimage",
  "pk": 26,
  "fields": {
    "product": 13,
    "image": "static/media/product/image/эспадрильи.jpg"
  }
},
{
  "model": "products.productimage",
  "pk": 27,
  "fields": {
    "product": 14,
    "image": "static/media/product/image/Снежная_королева.jpg"
  }
},
{
  "model": "products.productimage",
  "pk": 28,
  "fields": {
    "product": 15,
    "image": "static/media/product/image/слиппоны1.jpg"
  }
},
{
  "model": "products.productimage",
  "pk": 29,
  "fields": {
    "product": 15,
    "image": "static/media/product/image/слиппоны.jpg"
  }
},
{
  "model": "products.productimage",
  "pk": 30,
  "fields": {
    "product": 16,
    "image": "static/media/product/image/туфли_на_шпильке1.jpg"
  }
},
{
  "model": "products.productimage",
  "pk": 31,
  "fields": {
    "product": 16,
    "image": "static/media/product/image/туфли_на_шпильке1_j77eYKp.jpg"
  }
},
{
  "model": "products.productimage",
  "pk": 32,
  "fields": {
    "product": 17,
    "image": "static/media/product/image/мюли.jpg"
  }
},
{
  "model": "products.productimage",
  "pk": 33,
  "fields": {
    "product": 17,
    "image": "static/media/product/image/мюли1.jpg"
  }
},
{
  "model": "products.productimage",
  "pk": 34,
  "fields": {
    "product": 18,
    "image": "static/media/product/image/сандалии_римские1.jpg"
  }
},
{
  "model": "products.productimage",
  "pk": 35,
  "fields": {
    "product": 18,
    "image": "static/media/product/image/римские_сандалии.jpg"
  }
},
{
  "model": "products.productimage",
  "pk": 36,
  "fields": {
    "product": 19,
    "image": "static/media/product/image/мужские_кросс_1.jpg"
  }
},
{
  "model": "products.productimage",
  "pk": 37,
  "fields": {
    "product": 19,
    "image": "static/media/product/image/мужские_кросс_2.jpg"
  }
},
{
  "model": "products.productimage",
  "pk": 38,
  "fields": {
    "product": 20,
    "image": "static/media/product/image/кож_бот.jpg"
  }
},
{
  "model": "products.productimage",
  "pk": 39,
  "fields": {
    "product": 20,
    "image": "static/media/product/image/кож_бот1.jpg"
  }
},
{
  "model": "products.productimage",
  "pk": 40,
  "fields": {
    "product": 21,
    "image": "static/media/product/image/оф_бот1.jpg"
  }
},
{
  "model": "products.productimage",
  "pk": 41,
  "fields": {
    "product": 21,
    "image": "static/media/product/image/оф_бот.jpg"
  }
},
{
  "model": "products.productimage",
  "pk": 42,
  "fields": {
    "product": 22,
    "image": "static/media/product/image/кемпинг.jpg"
  }
},
{
  "model": "products.productimage",
  "pk": 43,
  "fields": {
    "product": 22,
    "image": "static/media/product/image/кемпинг1.jpg"
  }
},
{
  "model": "products.productimage",
  "pk": 44,
  "fields": {
    "product": 23,
    "image": "static/media/product/image/кеды.jpg"
  }
},
{
  "model": "products.productimage",
  "pk": 45,
  "fields": {
    "product": 23,
    "image": "static/media/product/image/кеды1.jpg"
  }
},
{
  "model": "products.productimage",
  "pk": 46,
  "fields": {
    "product": 24,
    "image": "static/media/product/image/зим_бот1.jpg"
  }
},
{
  "model": "products.productimage",
  "pk": 47,
  "fields": {
    "product": 24,
    "image": "static/media/product/image/зим_бот.jpg"
  }
},
{
  "model": "products.productimage",
  "pk": 48,
  "fields": {
    "product": 25,
    "image": "static/media/product/image/мокассины1.jpg"
  }
},
{
  "model": "products.productimage",
  "pk": 49,
  "fields": {
    "product": 25,
    "image": "static/media/product/image/мокассины.jpg"
  }
},
{
  "model": "products.productimage",
  "pk": 50,
  "fields": {
    "product": 26,
    "image": "static/media/product/image/лоферы.jpg"
  }
},
{
  "model": "products.productimage",
  "pk": 51,
  "fields": {
    "product": 26,
    "image": "static/media/product/image/лоферы1.jpg"
  }
},
{
  "model": "products.productimage",
  "pk": 52,
  "fields": {
    "product": 27,
    "image": "static/media/product/image/Слипоны.jpg"
  }
},
{
  "model": "products.productimage",
  "pk": 53,
  "fields": {
    "product": 27,
    "image": "static/media/product/image/Слипоны1.jpg"
  }
},
{
  "model": "products.productimage",
  "pk": 54,
  "fields": {
    "product": 28,
    "image": "static/media/product/image/Демисезонные_полуботинки2.jpg"
  }
},
{
  "model": "products.productimage",
  "pk": 55,
  "fields": {
    "product": 28,
    "image": "static/media/product/image/Демисезонные_полуботинки1.jpg"
  }
},
{
  "model": "products.productimage",
  "pk": 56,
  "fields": {
    "product": 28,
    "image": "static/media/product/image/Демисезонные_полуботинки.jpg"
  }
},
{
  "model": "products.productimage",
  "pk": 57,
  "fields": {
    "product": 29,
    "image": "static/media/product/image/поход.jpg"
  }
},
{
  "model": "products.productimage",
  "pk": 58,
  "fields": {
    "product": 29,
    "image": "static/media/product/image/поход1.jpg"
  }
},
{
  "model": "products.productimage",
  "pk": 59,
  "fields": {
    "product": 29,
    "image": "static/media/product/image/поход3.jpg"
  }
},
{
  "model": "products.wishlist",
  "pk": 2,
  "fields": {
    "user": 3,
    "product": 2,
    "added_at": "2025-05-18T12:34:35.635Z"
  }
},
{
  "model": "products.wishlist",
  "pk": 3,
  "fields": {
    "user": 3,
    "product": 19,
    "added_at": "2025-05-18T14:09:17.270Z"
  }
},
{
  "model": "products.compare",
  "pk": 1,
  "fields": {
    "user": 3,
    "session_key": null,
    "product": 2
  }
},
{
  "model": "products.compare",
  "pk": 3,
  "fields": {
    "user": 3,
    "session_key": null,
    "product": 17
  }
},
{
  "model": "products.compare",
  "pk": 4,
  "fields": {
    "user": 4,
    "session_key": null,
    "product": 30
  }
}
]
