[{"model": "admin.logentry", "pk": 1, "fields": {"action_time": "2025-06-05T09:57:57.534Z", "user": 2, "content_type": 18, "object_id": "1", "object_repr": "Женская обувь", "action_flag": 1, "change_message": "[{\"added\": {}}]"}}, {"model": "admin.logentry", "pk": 2, "fields": {"action_time": "2025-06-05T09:58:09.231Z", "user": 2, "content_type": 24, "object_id": "1", "object_repr": "Босоножки", "action_flag": 1, "change_message": "[{\"added\": {}}]"}}, {"model": "admin.logentry", "pk": 3, "fields": {"action_time": "2025-06-05T10:00:47.566Z", "user": 2, "content_type": 20, "object_id": "1", "object_repr": "Босоножки на каблуке \"Элеганс\"", "action_flag": 1, "change_message": "[{\"added\": {}}, {\"added\": {\"name\": \"\\u0414\\u043e\\u0441\\u0442\\u0443\\u043f\\u043d\\u044b\\u0439 \\u0440\\u0430\\u0437\\u043c\\u0435\\u0440\", \"object\": \"\\u0411\\u043e\\u0441\\u043e\\u043d\\u043e\\u0436\\u043a\\u0438 \\u043d\\u0430 \\u043a\\u0430\\u0431\\u043b\\u0443\\u043a\\u0435 \\\"\\u042d\\u043b\\u0435\\u0433\\u0430\\u043d\\u0441\\\" - 36 (\\u0412 \\u043d\\u0430\\u043b\\u0438\\u0447\\u0438\\u0438)\"}}, {\"added\": {\"name\": \"\\u0414\\u043e\\u0441\\u0442\\u0443\\u043f\\u043d\\u044b\\u0439 \\u0440\\u0430\\u0437\\u043c\\u0435\\u0440\", \"object\": \"\\u0411\\u043e\\u0441\\u043e\\u043d\\u043e\\u0436\\u043a\\u0438 \\u043d\\u0430 \\u043a\\u0430\\u0431\\u043b\\u0443\\u043a\\u0435 \\\"\\u042d\\u043b\\u0435\\u0433\\u0430\\u043d\\u0441\\\" - 37 (\\u0412 \\u043d\\u0430\\u043b\\u0438\\u0447\\u0438\\u0438)\"}}, {\"added\": {\"name\": \"\\u0414\\u043e\\u0441\\u0442\\u0443\\u043f\\u043d\\u044b\\u0439 \\u0440\\u0430\\u0437\\u043c\\u0435\\u0440\", \"object\": \"\\u0411\\u043e\\u0441\\u043e\\u043d\\u043e\\u0436\\u043a\\u0438 \\u043d\\u0430 \\u043a\\u0430\\u0431\\u043b\\u0443\\u043a\\u0435 \\\"\\u042d\\u043b\\u0435\\u0433\\u0430\\u043d\\u0441\\\" - 38 (\\u0412 \\u043d\\u0430\\u043b\\u0438\\u0447\\u0438\\u0438)\"}}, {\"added\": {\"name\": \"\\u0414\\u043e\\u0441\\u0442\\u0443\\u043f\\u043d\\u044b\\u0439 \\u0440\\u0430\\u0437\\u043c\\u0435\\u0440\", \"object\": \"\\u0411\\u043e\\u0441\\u043e\\u043d\\u043e\\u0436\\u043a\\u0438 \\u043d\\u0430 \\u043a\\u0430\\u0431\\u043b\\u0443\\u043a\\u0435 \\\"\\u042d\\u043b\\u0435\\u0433\\u0430\\u043d\\u0441\\\" - 40 (\\u0412 \\u043d\\u0430\\u043b\\u0438\\u0447\\u0438\\u0438)\"}}, {\"added\": {\"name\": \"\\u0414\\u043e\\u0441\\u0442\\u0443\\u043f\\u043d\\u044b\\u0439 \\u0440\\u0430\\u0437\\u043c\\u0435\\u0440\", \"object\": \"\\u0411\\u043e\\u0441\\u043e\\u043d\\u043e\\u0436\\u043a\\u0438 \\u043d\\u0430 \\u043a\\u0430\\u0431\\u043b\\u0443\\u043a\\u0435 \\\"\\u042d\\u043b\\u0435\\u0433\\u0430\\u043d\\u0441\\\" - 42 (\\u0412 \\u043d\\u0430\\u043b\\u0438\\u0447\\u0438\\u0438)\"}}, {\"added\": {\"name\": \"product image\", \"object\": \"\\u0418\\u0437\\u043e\\u0431\\u0440\\u0430\\u0436\\u0435\\u043d\\u0438\\u0435 \\u0434\\u043b\\u044f \\u0411\\u043e\\u0441\\u043e\\u043d\\u043e\\u0436\\u043a\\u0438 \\u043d\\u0430 \\u043a\\u0430\\u0431\\u043b\\u0443\\u043a\\u0435 \\\"\\u042d\\u043b\\u0435\\u0433\\u0430\\u043d\\u0441\\\"\"}}, {\"added\": {\"name\": \"product image\", \"object\": \"\\u0418\\u0437\\u043e\\u0431\\u0440\\u0430\\u0436\\u0435\\u043d\\u0438\\u0435 \\u0434\\u043b\\u044f \\u0411\\u043e\\u0441\\u043e\\u043d\\u043e\\u0436\\u043a\\u0438 \\u043d\\u0430 \\u043a\\u0430\\u0431\\u043b\\u0443\\u043a\\u0435 \\\"\\u042d\\u043b\\u0435\\u0433\\u0430\\u043d\\u0441\\\"\"}}]"}}, {"model": "admin.logentry", "pk": 4, "fields": {"action_time": "2025-06-05T10:07:52.908Z", "user": 2, "content_type": 24, "object_id": "2", "object_repr": "Кроссовки", "action_flag": 1, "change_message": "[{\"added\": {}}]"}}, {"model": "admin.logentry", "pk": 5, "fields": {"action_time": "2025-06-05T10:09:06.041Z", "user": 2, "content_type": 20, "object_id": "2", "object_repr": "Кроссовки \"Спорт-Лайт\"", "action_flag": 1, "change_message": "[{\"added\": {}}, {\"added\": {\"name\": \"\\u0414\\u043e\\u0441\\u0442\\u0443\\u043f\\u043d\\u044b\\u0439 \\u0440\\u0430\\u0437\\u043c\\u0435\\u0440\", \"object\": \"\\u041a\\u0440\\u043e\\u0441\\u0441\\u043e\\u0432\\u043a\\u0438 \\\"\\u0421\\u043f\\u043e\\u0440\\u0442-\\u041b\\u0430\\u0439\\u0442\\\" - 36 (\\u0412 \\u043d\\u0430\\u043b\\u0438\\u0447\\u0438\\u0438)\"}}, {\"added\": {\"name\": \"\\u0414\\u043e\\u0441\\u0442\\u0443\\u043f\\u043d\\u044b\\u0439 \\u0440\\u0430\\u0437\\u043c\\u0435\\u0440\", \"object\": \"\\u041a\\u0440\\u043e\\u0441\\u0441\\u043e\\u0432\\u043a\\u0438 \\\"\\u0421\\u043f\\u043e\\u0440\\u0442-\\u041b\\u0430\\u0439\\u0442\\\" - 37 (\\u0412 \\u043d\\u0430\\u043b\\u0438\\u0447\\u0438\\u0438)\"}}, {\"added\": {\"name\": \"product image\", \"object\": \"\\u0418\\u0437\\u043e\\u0431\\u0440\\u0430\\u0436\\u0435\\u043d\\u0438\\u0435 \\u0434\\u043b\\u044f \\u041a\\u0440\\u043e\\u0441\\u0441\\u043e\\u0432\\u043a\\u0438 \\\"\\u0421\\u043f\\u043e\\u0440\\u0442-\\u041b\\u0430\\u0439\\u0442\\\"\"}}]"}}, {"model": "admin.logentry", "pk": 6, "fields": {"action_time": "2025-06-05T10:10:55.670Z", "user": 2, "content_type": 24, "object_id": "3", "object_repr": "зимняя обувь", "action_flag": 1, "change_message": "[{\"added\": {}}]"}}, {"model": "admin.logentry", "pk": 7, "fields": {"action_time": "2025-06-05T10:12:06.318Z", "user": 2, "content_type": 20, "object_id": "3", "object_repr": "Зимняя сказка", "action_flag": 1, "change_message": "[{\"added\": {}}, {\"added\": {\"name\": \"\\u0414\\u043e\\u0441\\u0442\\u0443\\u043f\\u043d\\u044b\\u0439 \\u0440\\u0430\\u0437\\u043c\\u0435\\u0440\", \"object\": \"\\u0417\\u0438\\u043c\\u043d\\u044f\\u044f \\u0441\\u043a\\u0430\\u0437\\u043a\\u0430 - 37 (\\u0412 \\u043d\\u0430\\u043b\\u0438\\u0447\\u0438\\u0438)\"}}, {\"added\": {\"name\": \"product image\", \"object\": \"\\u0418\\u0437\\u043e\\u0431\\u0440\\u0430\\u0436\\u0435\\u043d\\u0438\\u0435 \\u0434\\u043b\\u044f \\u0417\\u0438\\u043c\\u043d\\u044f\\u044f \\u0441\\u043a\\u0430\\u0437\\u043a\\u0430\"}}, {\"added\": {\"name\": \"product image\", \"object\": \"\\u0418\\u0437\\u043e\\u0431\\u0440\\u0430\\u0436\\u0435\\u043d\\u0438\\u0435 \\u0434\\u043b\\u044f \\u0417\\u0438\\u043c\\u043d\\u044f\\u044f \\u0441\\u043a\\u0430\\u0437\\u043a\\u0430\"}}, {\"added\": {\"name\": \"product image\", \"object\": \"\\u0418\\u0437\\u043e\\u0431\\u0440\\u0430\\u0436\\u0435\\u043d\\u0438\\u0435 \\u0434\\u043b\\u044f \\u0417\\u0438\\u043c\\u043d\\u044f\\u044f \\u0441\\u043a\\u0430\\u0437\\u043a\\u0430\"}}]"}}, {"model": "admin.logentry", "pk": 8, "fields": {"action_time": "2025-06-05T10:12:58.705Z", "user": 2, "content_type": 24, "object_id": "4", "object_repr": "балетки", "action_flag": 1, "change_message": "[{\"added\": {}}]"}}, {"model": "admin.logentry", "pk": 9, "fields": {"action_time": "2025-06-05T10:13:56.857Z", "user": 2, "content_type": 20, "object_id": "4", "object_repr": "Балетки \"Комфорт\"", "action_flag": 1, "change_message": "[{\"added\": {}}, {\"added\": {\"name\": \"\\u0414\\u043e\\u0441\\u0442\\u0443\\u043f\\u043d\\u044b\\u0439 \\u0440\\u0430\\u0437\\u043c\\u0435\\u0440\", \"object\": \"\\u0411\\u0430\\u043b\\u0435\\u0442\\u043a\\u0438 \\\"\\u041a\\u043e\\u043c\\u0444\\u043e\\u0440\\u0442\\\" - 36 (\\u0412 \\u043d\\u0430\\u043b\\u0438\\u0447\\u0438\\u0438)\"}}, {\"added\": {\"name\": \"\\u0414\\u043e\\u0441\\u0442\\u0443\\u043f\\u043d\\u044b\\u0439 \\u0440\\u0430\\u0437\\u043c\\u0435\\u0440\", \"object\": \"\\u0411\\u0430\\u043b\\u0435\\u0442\\u043a\\u0438 \\\"\\u041a\\u043e\\u043c\\u0444\\u043e\\u0440\\u0442\\\" - 37 (\\u0412 \\u043d\\u0430\\u043b\\u0438\\u0447\\u0438\\u0438)\"}}, {\"added\": {\"name\": \"\\u0414\\u043e\\u0441\\u0442\\u0443\\u043f\\u043d\\u044b\\u0439 \\u0440\\u0430\\u0437\\u043c\\u0435\\u0440\", \"object\": \"\\u0411\\u0430\\u043b\\u0435\\u0442\\u043a\\u0438 \\\"\\u041a\\u043e\\u043c\\u0444\\u043e\\u0440\\u0442\\\" - 38 (\\u0412 \\u043d\\u0430\\u043b\\u0438\\u0447\\u0438\\u0438)\"}}, {\"added\": {\"name\": \"product image\", \"object\": \"\\u0418\\u0437\\u043e\\u0431\\u0440\\u0430\\u0436\\u0435\\u043d\\u0438\\u0435 \\u0434\\u043b\\u044f \\u0411\\u0430\\u043b\\u0435\\u0442\\u043a\\u0438 \\\"\\u041a\\u043e\\u043c\\u0444\\u043e\\u0440\\u0442\\\"\"}}, {\"added\": {\"name\": \"product image\", \"object\": \"\\u0418\\u0437\\u043e\\u0431\\u0440\\u0430\\u0436\\u0435\\u043d\\u0438\\u0435 \\u0434\\u043b\\u044f \\u0411\\u0430\\u043b\\u0435\\u0442\\u043a\\u0438 \\\"\\u041a\\u043e\\u043c\\u0444\\u043e\\u0440\\u0442\\\"\"}}, {\"added\": {\"name\": \"product image\", \"object\": \"\\u0418\\u0437\\u043e\\u0431\\u0440\\u0430\\u0436\\u0435\\u043d\\u0438\\u0435 \\u0434\\u043b\\u044f \\u0411\\u0430\\u043b\\u0435\\u0442\\u043a\\u0438 \\\"\\u041a\\u043e\\u043c\\u0444\\u043e\\u0440\\u0442\\\"\"}}]"}}, {"model": "admin.logentry", "pk": 10, "fields": {"action_time": "2025-06-05T10:14:42.218Z", "user": 2, "content_type": 24, "object_id": "5", "object_repr": "ботфорты", "action_flag": 1, "change_message": "[{\"added\": {}}]"}}, {"model": "admin.logentry", "pk": 11, "fields": {"action_time": "2025-06-05T10:15:27.256Z", "user": 2, "content_type": 20, "object_id": "5", "object_repr": "Ботфорты \"Грация\"", "action_flag": 1, "change_message": "[{\"added\": {}}, {\"added\": {\"name\": \"\\u0414\\u043e\\u0441\\u0442\\u0443\\u043f\\u043d\\u044b\\u0439 \\u0440\\u0430\\u0437\\u043c\\u0435\\u0440\", \"object\": \"\\u0411\\u043e\\u0442\\u0444\\u043e\\u0440\\u0442\\u044b \\\"\\u0413\\u0440\\u0430\\u0446\\u0438\\u044f\\\" - 38 (\\u0412 \\u043d\\u0430\\u043b\\u0438\\u0447\\u0438\\u0438)\"}}, {\"added\": {\"name\": \"\\u0414\\u043e\\u0441\\u0442\\u0443\\u043f\\u043d\\u044b\\u0439 \\u0440\\u0430\\u0437\\u043c\\u0435\\u0440\", \"object\": \"\\u0411\\u043e\\u0442\\u0444\\u043e\\u0440\\u0442\\u044b \\\"\\u0413\\u0440\\u0430\\u0446\\u0438\\u044f\\\" - 39 (\\u0412 \\u043d\\u0430\\u043b\\u0438\\u0447\\u0438\\u0438)\"}}, {\"added\": {\"name\": \"product image\", \"object\": \"\\u0418\\u0437\\u043e\\u0431\\u0440\\u0430\\u0436\\u0435\\u043d\\u0438\\u0435 \\u0434\\u043b\\u044f \\u0411\\u043e\\u0442\\u0444\\u043e\\u0440\\u0442\\u044b \\\"\\u0413\\u0440\\u0430\\u0446\\u0438\\u044f\\\"\"}}, {\"added\": {\"name\": \"product image\", \"object\": \"\\u0418\\u0437\\u043e\\u0431\\u0440\\u0430\\u0436\\u0435\\u043d\\u0438\\u0435 \\u0434\\u043b\\u044f \\u0411\\u043e\\u0442\\u0444\\u043e\\u0440\\u0442\\u044b \\\"\\u0413\\u0440\\u0430\\u0446\\u0438\\u044f\\\"\"}}]"}}, {"model": "admin.logentry", "pk": 12, "fields": {"action_time": "2025-06-05T10:17:03.624Z", "user": 2, "content_type": 24, "object_id": "6", "object_repr": "сандалии", "action_flag": 1, "change_message": "[{\"added\": {}}]"}}, {"model": "admin.logentry", "pk": 13, "fields": {"action_time": "2025-06-05T10:17:10.786Z", "user": 2, "content_type": 20, "object_id": "6", "object_repr": "Сандалии \"Лето-2024\"", "action_flag": 1, "change_message": "[{\"added\": {}}, {\"added\": {\"name\": \"\\u0414\\u043e\\u0441\\u0442\\u0443\\u043f\\u043d\\u044b\\u0439 \\u0440\\u0430\\u0437\\u043c\\u0435\\u0440\", \"object\": \"\\u0421\\u0430\\u043d\\u0434\\u0430\\u043b\\u0438\\u0438 \\\"\\u041b\\u0435\\u0442\\u043e-2024\\\" - 36 (\\u0412 \\u043d\\u0430\\u043b\\u0438\\u0447\\u0438\\u0438)\"}}, {\"added\": {\"name\": \"\\u0414\\u043e\\u0441\\u0442\\u0443\\u043f\\u043d\\u044b\\u0439 \\u0440\\u0430\\u0437\\u043c\\u0435\\u0440\", \"object\": \"\\u0421\\u0430\\u043d\\u0434\\u0430\\u043b\\u0438\\u0438 \\\"\\u041b\\u0435\\u0442\\u043e-2024\\\" - 37 (\\u0412 \\u043d\\u0430\\u043b\\u0438\\u0447\\u0438\\u0438)\"}}, {\"added\": {\"name\": \"\\u0414\\u043e\\u0441\\u0442\\u0443\\u043f\\u043d\\u044b\\u0439 \\u0440\\u0430\\u0437\\u043c\\u0435\\u0440\", \"object\": \"\\u0421\\u0430\\u043d\\u0434\\u0430\\u043b\\u0438\\u0438 \\\"\\u041b\\u0435\\u0442\\u043e-2024\\\" - 38 (\\u0412 \\u043d\\u0430\\u043b\\u0438\\u0447\\u0438\\u0438)\"}}, {\"added\": {\"name\": \"\\u0414\\u043e\\u0441\\u0442\\u0443\\u043f\\u043d\\u044b\\u0439 \\u0440\\u0430\\u0437\\u043c\\u0435\\u0440\", \"object\": \"\\u0421\\u0430\\u043d\\u0434\\u0430\\u043b\\u0438\\u0438 \\\"\\u041b\\u0435\\u0442\\u043e-2024\\\" - 39 (\\u0412 \\u043d\\u0430\\u043b\\u0438\\u0447\\u0438\\u0438)\"}}, {\"added\": {\"name\": \"product image\", \"object\": \"\\u0418\\u0437\\u043e\\u0431\\u0440\\u0430\\u0436\\u0435\\u043d\\u0438\\u0435 \\u0434\\u043b\\u044f \\u0421\\u0430\\u043d\\u0434\\u0430\\u043b\\u0438\\u0438 \\\"\\u041b\\u0435\\u0442\\u043e-2024\\\"\"}}, {\"added\": {\"name\": \"product image\", \"object\": \"\\u0418\\u0437\\u043e\\u0431\\u0440\\u0430\\u0436\\u0435\\u043d\\u0438\\u0435 \\u0434\\u043b\\u044f \\u0421\\u0430\\u043d\\u0434\\u0430\\u043b\\u0438\\u0438 \\\"\\u041b\\u0435\\u0442\\u043e-2024\\\"\"}}]"}}, {"model": "admin.logentry", "pk": 14, "fields": {"action_time": "2025-06-05T10:18:53.518Z", "user": 2, "content_type": 24, "object_id": "7", "object_repr": "лодочки", "action_flag": 1, "change_message": "[{\"added\": {}}]"}}, {"model": "admin.logentry", "pk": 15, "fields": {"action_time": "2025-06-05T10:19:48.443Z", "user": 2, "content_type": 20, "object_id": "7", "object_repr": "Туфли \"Офисный стиль\"", "action_flag": 1, "change_message": "[{\"added\": {}}, {\"added\": {\"name\": \"\\u0414\\u043e\\u0441\\u0442\\u0443\\u043f\\u043d\\u044b\\u0439 \\u0440\\u0430\\u0437\\u043c\\u0435\\u0440\", \"object\": \"\\u0422\\u0443\\u0444\\u043b\\u0438 \\\"\\u041e\\u0444\\u0438\\u0441\\u043d\\u044b\\u0439 \\u0441\\u0442\\u0438\\u043b\\u044c\\\" - 36 (\\u0412 \\u043d\\u0430\\u043b\\u0438\\u0447\\u0438\\u0438)\"}}, {\"added\": {\"name\": \"\\u0414\\u043e\\u0441\\u0442\\u0443\\u043f\\u043d\\u044b\\u0439 \\u0440\\u0430\\u0437\\u043c\\u0435\\u0440\", \"object\": \"\\u0422\\u0443\\u0444\\u043b\\u0438 \\\"\\u041e\\u0444\\u0438\\u0441\\u043d\\u044b\\u0439 \\u0441\\u0442\\u0438\\u043b\\u044c\\\" - 37 (\\u0412 \\u043d\\u0430\\u043b\\u0438\\u0447\\u0438\\u0438)\"}}, {\"added\": {\"name\": \"product image\", \"object\": \"\\u0418\\u0437\\u043e\\u0431\\u0440\\u0430\\u0436\\u0435\\u043d\\u0438\\u0435 \\u0434\\u043b\\u044f \\u0422\\u0443\\u0444\\u043b\\u0438 \\\"\\u041e\\u0444\\u0438\\u0441\\u043d\\u044b\\u0439 \\u0441\\u0442\\u0438\\u043b\\u044c\\\"\"}}, {\"added\": {\"name\": \"product image\", \"object\": \"\\u0418\\u0437\\u043e\\u0431\\u0440\\u0430\\u0436\\u0435\\u043d\\u0438\\u0435 \\u0434\\u043b\\u044f \\u0422\\u0443\\u0444\\u043b\\u0438 \\\"\\u041e\\u0444\\u0438\\u0441\\u043d\\u044b\\u0439 \\u0441\\u0442\\u0438\\u043b\\u044c\\\"\"}}, {\"added\": {\"name\": \"product image\", \"object\": \"\\u0418\\u0437\\u043e\\u0431\\u0440\\u0430\\u0436\\u0435\\u043d\\u0438\\u0435 \\u0434\\u043b\\u044f \\u0422\\u0443\\u0444\\u043b\\u0438 \\\"\\u041e\\u0444\\u0438\\u0441\\u043d\\u044b\\u0439 \\u0441\\u0442\\u0438\\u043b\\u044c\\\"\"}}]"}}, {"model": "admin.logentry", "pk": 16, "fields": {"action_time": "2025-06-05T10:20:33.636Z", "user": 2, "content_type": 24, "object_id": "8", "object_repr": "угги", "action_flag": 1, "change_message": "[{\"added\": {}}]"}}, {"model": "admin.logentry", "pk": 17, "fields": {"action_time": "2025-06-05T10:21:35.231Z", "user": 2, "content_type": 20, "object_id": "8", "object_repr": "Угги \"Мягкие\"", "action_flag": 1, "change_message": "[{\"added\": {}}, {\"added\": {\"name\": \"\\u0414\\u043e\\u0441\\u0442\\u0443\\u043f\\u043d\\u044b\\u0439 \\u0440\\u0430\\u0437\\u043c\\u0435\\u0440\", \"object\": \"\\u0423\\u0433\\u0433\\u0438 \\\"\\u041c\\u044f\\u0433\\u043a\\u0438\\u0435\\\" - 37 (\\u0412 \\u043d\\u0430\\u043b\\u0438\\u0447\\u0438\\u0438)\"}}, {\"added\": {\"name\": \"\\u0414\\u043e\\u0441\\u0442\\u0443\\u043f\\u043d\\u044b\\u0439 \\u0440\\u0430\\u0437\\u043c\\u0435\\u0440\", \"object\": \"\\u0423\\u0433\\u0433\\u0438 \\\"\\u041c\\u044f\\u0433\\u043a\\u0438\\u0435\\\" - 38 (\\u0412 \\u043d\\u0430\\u043b\\u0438\\u0447\\u0438\\u0438)\"}}, {\"added\": {\"name\": \"\\u0414\\u043e\\u0441\\u0442\\u0443\\u043f\\u043d\\u044b\\u0439 \\u0440\\u0430\\u0437\\u043c\\u0435\\u0440\", \"object\": \"\\u0423\\u0433\\u0433\\u0438 \\\"\\u041c\\u044f\\u0433\\u043a\\u0438\\u0435\\\" - 39 (\\u0412 \\u043d\\u0430\\u043b\\u0438\\u0447\\u0438\\u0438)\"}}, {\"added\": {\"name\": \"product image\", \"object\": \"\\u0418\\u0437\\u043e\\u0431\\u0440\\u0430\\u0436\\u0435\\u043d\\u0438\\u0435 \\u0434\\u043b\\u044f \\u0423\\u0433\\u0433\\u0438 \\\"\\u041c\\u044f\\u0433\\u043a\\u0438\\u0435\\\"\"}}, {\"added\": {\"name\": \"product image\", \"object\": \"\\u0418\\u0437\\u043e\\u0431\\u0440\\u0430\\u0436\\u0435\\u043d\\u0438\\u0435 \\u0434\\u043b\\u044f \\u0423\\u0433\\u0433\\u0438 \\\"\\u041c\\u044f\\u0433\\u043a\\u0438\\u0435\\\"\"}}, {\"added\": {\"name\": \"product image\", \"object\": \"\\u0418\\u0437\\u043e\\u0431\\u0440\\u0430\\u0436\\u0435\\u043d\\u0438\\u0435 \\u0434\\u043b\\u044f \\u0423\\u0433\\u0433\\u0438 \\\"\\u041c\\u044f\\u0433\\u043a\\u0438\\u0435\\\"\"}}]"}}, {"model": "admin.logentry", "pk": 18, "fields": {"action_time": "2025-06-05T10:22:14.555Z", "user": 2, "content_type": 24, "object_id": "9", "object_repr": "кеды", "action_flag": 1, "change_message": "[{\"added\": {}}]"}}, {"model": "admin.logentry", "pk": 19, "fields": {"action_time": "2025-06-05T10:23:00.303Z", "user": 2, "content_type": 20, "object_id": "9", "object_repr": "Кеды \"Ретро\"", "action_flag": 1, "change_message": "[{\"added\": {}}, {\"added\": {\"name\": \"\\u0414\\u043e\\u0441\\u0442\\u0443\\u043f\\u043d\\u044b\\u0439 \\u0440\\u0430\\u0437\\u043c\\u0435\\u0440\", \"object\": \"\\u041a\\u0435\\u0434\\u044b \\\"\\u0420\\u0435\\u0442\\u0440\\u043e\\\" - 37 (\\u0412 \\u043d\\u0430\\u043b\\u0438\\u0447\\u0438\\u0438)\"}}, {\"added\": {\"name\": \"\\u0414\\u043e\\u0441\\u0442\\u0443\\u043f\\u043d\\u044b\\u0439 \\u0440\\u0430\\u0437\\u043c\\u0435\\u0440\", \"object\": \"\\u041a\\u0435\\u0434\\u044b \\\"\\u0420\\u0435\\u0442\\u0440\\u043e\\\" - 39 (\\u0412 \\u043d\\u0430\\u043b\\u0438\\u0447\\u0438\\u0438)\"}}, {\"added\": {\"name\": \"product image\", \"object\": \"\\u0418\\u0437\\u043e\\u0431\\u0440\\u0430\\u0436\\u0435\\u043d\\u0438\\u0435 \\u0434\\u043b\\u044f \\u041a\\u0435\\u0434\\u044b \\\"\\u0420\\u0435\\u0442\\u0440\\u043e\\\"\"}}, {\"added\": {\"name\": \"product image\", \"object\": \"\\u0418\\u0437\\u043e\\u0431\\u0440\\u0430\\u0436\\u0435\\u043d\\u0438\\u0435 \\u0434\\u043b\\u044f \\u041a\\u0435\\u0434\\u044b \\\"\\u0420\\u0435\\u0442\\u0440\\u043e\\\"\"}}, {\"added\": {\"name\": \"product image\", \"object\": \"\\u0418\\u0437\\u043e\\u0431\\u0440\\u0430\\u0436\\u0435\\u043d\\u0438\\u0435 \\u0434\\u043b\\u044f \\u041a\\u0435\\u0434\\u044b \\\"\\u0420\\u0435\\u0442\\u0440\\u043e\\\"\"}}]"}}, {"model": "admin.logentry", "pk": 20, "fields": {"action_time": "2025-06-05T10:23:31.711Z", "user": 2, "content_type": 24, "object_id": "10", "object_repr": "сабо", "action_flag": 1, "change_message": "[{\"added\": {}}]"}}, {"model": "admin.logentry", "pk": 21, "fields": {"action_time": "2025-06-05T10:24:19.091Z", "user": 2, "content_type": 20, "object_id": "10", "object_repr": "Сабо \"Домашние\"", "action_flag": 1, "change_message": "[{\"added\": {}}, {\"added\": {\"name\": \"\\u0414\\u043e\\u0441\\u0442\\u0443\\u043f\\u043d\\u044b\\u0439 \\u0440\\u0430\\u0437\\u043c\\u0435\\u0440\", \"object\": \"\\u0421\\u0430\\u0431\\u043e \\\"\\u0414\\u043e\\u043c\\u0430\\u0448\\u043d\\u0438\\u0435\\\" - 38 (\\u0412 \\u043d\\u0430\\u043b\\u0438\\u0447\\u0438\\u0438)\"}}, {\"added\": {\"name\": \"\\u0414\\u043e\\u0441\\u0442\\u0443\\u043f\\u043d\\u044b\\u0439 \\u0440\\u0430\\u0437\\u043c\\u0435\\u0440\", \"object\": \"\\u0421\\u0430\\u0431\\u043e \\\"\\u0414\\u043e\\u043c\\u0430\\u0448\\u043d\\u0438\\u0435\\\" - 39 (\\u0412 \\u043d\\u0430\\u043b\\u0438\\u0447\\u0438\\u0438)\"}}, {\"added\": {\"name\": \"product image\", \"object\": \"\\u0418\\u0437\\u043e\\u0431\\u0440\\u0430\\u0436\\u0435\\u043d\\u0438\\u0435 \\u0434\\u043b\\u044f \\u0421\\u0430\\u0431\\u043e \\\"\\u0414\\u043e\\u043c\\u0430\\u0448\\u043d\\u0438\\u0435\\\"\"}}, {\"added\": {\"name\": \"product image\", \"object\": \"\\u0418\\u0437\\u043e\\u0431\\u0440\\u0430\\u0436\\u0435\\u043d\\u0438\\u0435 \\u0434\\u043b\\u044f \\u0421\\u0430\\u0431\\u043e \\\"\\u0414\\u043e\\u043c\\u0430\\u0448\\u043d\\u0438\\u0435\\\"\"}}]"}}, {"model": "admin.logentry", "pk": 22, "fields": {"action_time": "2025-06-05T10:25:07.046Z", "user": 2, "content_type": 24, "object_id": "11", "object_repr": "ботильоны", "action_flag": 1, "change_message": "[{\"added\": {}}]"}}, {"model": "admin.logentry", "pk": 23, "fields": {"action_time": "2025-06-05T10:26:10.667Z", "user": 2, "content_type": 20, "object_id": "11", "object_repr": "Ботильоны \"Гранд\"", "action_flag": 1, "change_message": "[{\"added\": {}}, {\"added\": {\"name\": \"\\u0414\\u043e\\u0441\\u0442\\u0443\\u043f\\u043d\\u044b\\u0439 \\u0440\\u0430\\u0437\\u043c\\u0435\\u0440\", \"object\": \"\\u0411\\u043e\\u0442\\u0438\\u043b\\u044c\\u043e\\u043d\\u044b \\\"\\u0413\\u0440\\u0430\\u043d\\u0434\\\" - 38 (\\u0412 \\u043d\\u0430\\u043b\\u0438\\u0447\\u0438\\u0438)\"}}, {\"added\": {\"name\": \"\\u0414\\u043e\\u0441\\u0442\\u0443\\u043f\\u043d\\u044b\\u0439 \\u0440\\u0430\\u0437\\u043c\\u0435\\u0440\", \"object\": \"\\u0411\\u043e\\u0442\\u0438\\u043b\\u044c\\u043e\\u043d\\u044b \\\"\\u0413\\u0440\\u0430\\u043d\\u0434\\\" - 39 (\\u0412 \\u043d\\u0430\\u043b\\u0438\\u0447\\u0438\\u0438)\"}}, {\"added\": {\"name\": \"product image\", \"object\": \"\\u0418\\u0437\\u043e\\u0431\\u0440\\u0430\\u0436\\u0435\\u043d\\u0438\\u0435 \\u0434\\u043b\\u044f \\u0411\\u043e\\u0442\\u0438\\u043b\\u044c\\u043e\\u043d\\u044b \\\"\\u0413\\u0440\\u0430\\u043d\\u0434\\\"\"}}, {\"added\": {\"name\": \"product image\", \"object\": \"\\u0418\\u0437\\u043e\\u0431\\u0440\\u0430\\u0436\\u0435\\u043d\\u0438\\u0435 \\u0434\\u043b\\u044f \\u0411\\u043e\\u0442\\u0438\\u043b\\u044c\\u043e\\u043d\\u044b \\\"\\u0413\\u0440\\u0430\\u043d\\u0434\\\"\"}}]"}}, {"model": "admin.logentry", "pk": 24, "fields": {"action_time": "2025-06-05T10:29:37.194Z", "user": 2, "content_type": 20, "object_id": "12", "object_repr": "Эспадрильи \"Летний бриз\"", "action_flag": 1, "change_message": "[{\"added\": {}}, {\"added\": {\"name\": \"\\u0414\\u043e\\u0441\\u0442\\u0443\\u043f\\u043d\\u044b\\u0439 \\u0440\\u0430\\u0437\\u043c\\u0435\\u0440\", \"object\": \"\\u042d\\u0441\\u043f\\u0430\\u0434\\u0440\\u0438\\u043b\\u044c\\u0438 \\\"\\u041b\\u0435\\u0442\\u043d\\u0438\\u0439 \\u0431\\u0440\\u0438\\u0437\\\" - 36 (\\u0412 \\u043d\\u0430\\u043b\\u0438\\u0447\\u0438\\u0438)\"}}, {\"added\": {\"name\": \"\\u0414\\u043e\\u0441\\u0442\\u0443\\u043f\\u043d\\u044b\\u0439 \\u0440\\u0430\\u0437\\u043c\\u0435\\u0440\", \"object\": \"\\u042d\\u0441\\u043f\\u0430\\u0434\\u0440\\u0438\\u043b\\u044c\\u0438 \\\"\\u041b\\u0435\\u0442\\u043d\\u0438\\u0439 \\u0431\\u0440\\u0438\\u0437\\\" - 37 (\\u0412 \\u043d\\u0430\\u043b\\u0438\\u0447\\u0438\\u0438)\"}}, {\"added\": {\"name\": \"\\u0414\\u043e\\u0441\\u0442\\u0443\\u043f\\u043d\\u044b\\u0439 \\u0440\\u0430\\u0437\\u043c\\u0435\\u0440\", \"object\": \"\\u042d\\u0441\\u043f\\u0430\\u0434\\u0440\\u0438\\u043b\\u044c\\u0438 \\\"\\u041b\\u0435\\u0442\\u043d\\u0438\\u0439 \\u0431\\u0440\\u0438\\u0437\\\" - 38 (\\u0412 \\u043d\\u0430\\u043b\\u0438\\u0447\\u0438\\u0438)\"}}, {\"added\": {\"name\": \"\\u0414\\u043e\\u0441\\u0442\\u0443\\u043f\\u043d\\u044b\\u0439 \\u0440\\u0430\\u0437\\u043c\\u0435\\u0440\", \"object\": \"\\u042d\\u0441\\u043f\\u0430\\u0434\\u0440\\u0438\\u043b\\u044c\\u0438 \\\"\\u041b\\u0435\\u0442\\u043d\\u0438\\u0439 \\u0431\\u0440\\u0438\\u0437\\\" - 39 (\\u0412 \\u043d\\u0430\\u043b\\u0438\\u0447\\u0438\\u0438)\"}}, {\"added\": {\"name\": \"\\u0414\\u043e\\u0441\\u0442\\u0443\\u043f\\u043d\\u044b\\u0439 \\u0440\\u0430\\u0437\\u043c\\u0435\\u0440\", \"object\": \"\\u042d\\u0441\\u043f\\u0430\\u0434\\u0440\\u0438\\u043b\\u044c\\u0438 \\\"\\u041b\\u0435\\u0442\\u043d\\u0438\\u0439 \\u0431\\u0440\\u0438\\u0437\\\" - 40 (\\u0412 \\u043d\\u0430\\u043b\\u0438\\u0447\\u0438\\u0438)\"}}, {\"added\": {\"name\": \"product image\", \"object\": \"\\u0418\\u0437\\u043e\\u0431\\u0440\\u0430\\u0436\\u0435\\u043d\\u0438\\u0435 \\u0434\\u043b\\u044f \\u042d\\u0441\\u043f\\u0430\\u0434\\u0440\\u0438\\u043b\\u044c\\u0438 \\\"\\u041b\\u0435\\u0442\\u043d\\u0438\\u0439 \\u0431\\u0440\\u0438\\u0437\\\"\"}}, {\"added\": {\"name\": \"product image\", \"object\": \"\\u0418\\u0437\\u043e\\u0431\\u0440\\u0430\\u0436\\u0435\\u043d\\u0438\\u0435 \\u0434\\u043b\\u044f \\u042d\\u0441\\u043f\\u0430\\u0434\\u0440\\u0438\\u043b\\u044c\\u0438 \\\"\\u041b\\u0435\\u0442\\u043d\\u0438\\u0439 \\u0431\\u0440\\u0438\\u0437\\\"\"}}]"}}, {"model": "admin.logentry", "pk": 25, "fields": {"action_time": "2025-06-05T10:30:54.832Z", "user": 2, "content_type": 20, "object_id": "13", "object_repr": "Сапоги \"Снежная королева\"", "action_flag": 1, "change_message": "[{\"added\": {}}, {\"added\": {\"name\": \"\\u0414\\u043e\\u0441\\u0442\\u0443\\u043f\\u043d\\u044b\\u0439 \\u0440\\u0430\\u0437\\u043c\\u0435\\u0440\", \"object\": \"\\u0421\\u0430\\u043f\\u043e\\u0433\\u0438 \\\"\\u0421\\u043d\\u0435\\u0436\\u043d\\u0430\\u044f \\u043a\\u043e\\u0440\\u043e\\u043b\\u0435\\u0432\\u0430\\\" - 37 (\\u0412 \\u043d\\u0430\\u043b\\u0438\\u0447\\u0438\\u0438)\"}}, {\"added\": {\"name\": \"\\u0414\\u043e\\u0441\\u0442\\u0443\\u043f\\u043d\\u044b\\u0439 \\u0440\\u0430\\u0437\\u043c\\u0435\\u0440\", \"object\": \"\\u0421\\u0430\\u043f\\u043e\\u0433\\u0438 \\\"\\u0421\\u043d\\u0435\\u0436\\u043d\\u0430\\u044f \\u043a\\u043e\\u0440\\u043e\\u043b\\u0435\\u0432\\u0430\\\" - 38 (\\u0412 \\u043d\\u0430\\u043b\\u0438\\u0447\\u0438\\u0438)\"}}, {\"added\": {\"name\": \"product image\", \"object\": \"\\u0418\\u0437\\u043e\\u0431\\u0440\\u0430\\u0436\\u0435\\u043d\\u0438\\u0435 \\u0434\\u043b\\u044f \\u0421\\u0430\\u043f\\u043e\\u0433\\u0438 \\\"\\u0421\\u043d\\u0435\\u0436\\u043d\\u0430\\u044f \\u043a\\u043e\\u0440\\u043e\\u043b\\u0435\\u0432\\u0430\\\"\"}}, {\"added\": {\"name\": \"product image\", \"object\": \"\\u0418\\u0437\\u043e\\u0431\\u0440\\u0430\\u0436\\u0435\\u043d\\u0438\\u0435 \\u0434\\u043b\\u044f \\u0421\\u0430\\u043f\\u043e\\u0433\\u0438 \\\"\\u0421\\u043d\\u0435\\u0436\\u043d\\u0430\\u044f \\u043a\\u043e\\u0440\\u043e\\u043b\\u0435\\u0432\\u0430\\\"\"}}]"}}, {"model": "admin.logentry", "pk": 26, "fields": {"action_time": "2025-06-05T10:32:21.978Z", "user": 2, "content_type": 20, "object_id": "14", "object_repr": "Слипоны \"Мини\"", "action_flag": 1, "change_message": "[{\"added\": {}}, {\"added\": {\"name\": \"\\u0414\\u043e\\u0441\\u0442\\u0443\\u043f\\u043d\\u044b\\u0439 \\u0440\\u0430\\u0437\\u043c\\u0435\\u0440\", \"object\": \"\\u0421\\u043b\\u0438\\u043f\\u043e\\u043d\\u044b \\\"\\u041c\\u0438\\u043d\\u0438\\\" - 39 (\\u0412 \\u043d\\u0430\\u043b\\u0438\\u0447\\u0438\\u0438)\"}}, {\"added\": {\"name\": \"\\u0414\\u043e\\u0441\\u0442\\u0443\\u043f\\u043d\\u044b\\u0439 \\u0440\\u0430\\u0437\\u043c\\u0435\\u0440\", \"object\": \"\\u0421\\u043b\\u0438\\u043f\\u043e\\u043d\\u044b \\\"\\u041c\\u0438\\u043d\\u0438\\\" - 37 (\\u0412 \\u043d\\u0430\\u043b\\u0438\\u0447\\u0438\\u0438)\"}}, {\"added\": {\"name\": \"\\u0414\\u043e\\u0441\\u0442\\u0443\\u043f\\u043d\\u044b\\u0439 \\u0440\\u0430\\u0437\\u043c\\u0435\\u0440\", \"object\": \"\\u0421\\u043b\\u0438\\u043f\\u043e\\u043d\\u044b \\\"\\u041c\\u0438\\u043d\\u0438\\\" - 34 (\\u0412 \\u043d\\u0430\\u043b\\u0438\\u0447\\u0438\\u0438)\"}}, {\"added\": {\"name\": \"product image\", \"object\": \"\\u0418\\u0437\\u043e\\u0431\\u0440\\u0430\\u0436\\u0435\\u043d\\u0438\\u0435 \\u0434\\u043b\\u044f \\u0421\\u043b\\u0438\\u043f\\u043e\\u043d\\u044b \\\"\\u041c\\u0438\\u043d\\u0438\\\"\"}}, {\"added\": {\"name\": \"product image\", \"object\": \"\\u0418\\u0437\\u043e\\u0431\\u0440\\u0430\\u0436\\u0435\\u043d\\u0438\\u0435 \\u0434\\u043b\\u044f \\u0421\\u043b\\u0438\\u043f\\u043e\\u043d\\u044b \\\"\\u041c\\u0438\\u043d\\u0438\\\"\"}}]"}}, {"model": "admin.logentry", "pk": 27, "fields": {"action_time": "2025-06-05T10:34:27.470Z", "user": 2, "content_type": 20, "object_id": "15", "object_repr": "Мюли \"Комфорт+\"", "action_flag": 1, "change_message": "[{\"added\": {}}, {\"added\": {\"name\": \"\\u0414\\u043e\\u0441\\u0442\\u0443\\u043f\\u043d\\u044b\\u0439 \\u0440\\u0430\\u0437\\u043c\\u0435\\u0440\", \"object\": \"\\u041c\\u044e\\u043b\\u0438 \\\"\\u041a\\u043e\\u043c\\u0444\\u043e\\u0440\\u0442+\\\" - 37 (\\u0412 \\u043d\\u0430\\u043b\\u0438\\u0447\\u0438\\u0438)\"}}, {\"added\": {\"name\": \"product image\", \"object\": \"\\u0418\\u0437\\u043e\\u0431\\u0440\\u0430\\u0436\\u0435\\u043d\\u0438\\u0435 \\u0434\\u043b\\u044f \\u041c\\u044e\\u043b\\u0438 \\\"\\u041a\\u043e\\u043c\\u0444\\u043e\\u0440\\u0442+\\\"\"}}, {\"added\": {\"name\": \"product image\", \"object\": \"\\u0418\\u0437\\u043e\\u0431\\u0440\\u0430\\u0436\\u0435\\u043d\\u0438\\u0435 \\u0434\\u043b\\u044f \\u041c\\u044e\\u043b\\u0438 \\\"\\u041a\\u043e\\u043c\\u0444\\u043e\\u0440\\u0442+\\\"\"}}]"}}, {"model": "admin.logentry", "pk": 28, "fields": {"action_time": "2025-06-05T10:37:23.186Z", "user": 2, "content_type": 18, "object_id": "2", "object_repr": "мужская обувь", "action_flag": 1, "change_message": "[{\"added\": {}}]"}}, {"model": "admin.logentry", "pk": 29, "fields": {"action_time": "2025-06-05T10:38:37.694Z", "user": 2, "content_type": 20, "object_id": "16", "object_repr": "Кроссовки \"Ультра-Ран\"", "action_flag": 1, "change_message": "[{\"added\": {}}, {\"added\": {\"name\": \"\\u0414\\u043e\\u0441\\u0442\\u0443\\u043f\\u043d\\u044b\\u0439 \\u0440\\u0430\\u0437\\u043c\\u0435\\u0440\", \"object\": \"\\u041a\\u0440\\u043e\\u0441\\u0441\\u043e\\u0432\\u043a\\u0438 \\\"\\u0423\\u043b\\u044c\\u0442\\u0440\\u0430-\\u0420\\u0430\\u043d\\\" - 44 (\\u0412 \\u043d\\u0430\\u043b\\u0438\\u0447\\u0438\\u0438)\"}}, {\"added\": {\"name\": \"\\u0414\\u043e\\u0441\\u0442\\u0443\\u043f\\u043d\\u044b\\u0439 \\u0440\\u0430\\u0437\\u043c\\u0435\\u0440\", \"object\": \"\\u041a\\u0440\\u043e\\u0441\\u0441\\u043e\\u0432\\u043a\\u0438 \\\"\\u0423\\u043b\\u044c\\u0442\\u0440\\u0430-\\u0420\\u0430\\u043d\\\" - 42 (\\u0412 \\u043d\\u0430\\u043b\\u0438\\u0447\\u0438\\u0438)\"}}, {\"added\": {\"name\": \"\\u0414\\u043e\\u0441\\u0442\\u0443\\u043f\\u043d\\u044b\\u0439 \\u0440\\u0430\\u0437\\u043c\\u0435\\u0440\", \"object\": \"\\u041a\\u0440\\u043e\\u0441\\u0441\\u043e\\u0432\\u043a\\u0438 \\\"\\u0423\\u043b\\u044c\\u0442\\u0440\\u0430-\\u0420\\u0430\\u043d\\\" - 39 (\\u0412 \\u043d\\u0430\\u043b\\u0438\\u0447\\u0438\\u0438)\"}}, {\"added\": {\"name\": \"\\u0414\\u043e\\u0441\\u0442\\u0443\\u043f\\u043d\\u044b\\u0439 \\u0440\\u0430\\u0437\\u043c\\u0435\\u0440\", \"object\": \"\\u041a\\u0440\\u043e\\u0441\\u0441\\u043e\\u0432\\u043a\\u0438 \\\"\\u0423\\u043b\\u044c\\u0442\\u0440\\u0430-\\u0420\\u0430\\u043d\\\" - 46 (\\u0412 \\u043d\\u0430\\u043b\\u0438\\u0447\\u0438\\u0438)\"}}, {\"added\": {\"name\": \"\\u0414\\u043e\\u0441\\u0442\\u0443\\u043f\\u043d\\u044b\\u0439 \\u0440\\u0430\\u0437\\u043c\\u0435\\u0440\", \"object\": \"\\u041a\\u0440\\u043e\\u0441\\u0441\\u043e\\u0432\\u043a\\u0438 \\\"\\u0423\\u043b\\u044c\\u0442\\u0440\\u0430-\\u0420\\u0430\\u043d\\\" - 38 (\\u0412 \\u043d\\u0430\\u043b\\u0438\\u0447\\u0438\\u0438)\"}}, {\"added\": {\"name\": \"product image\", \"object\": \"\\u0418\\u0437\\u043e\\u0431\\u0440\\u0430\\u0436\\u0435\\u043d\\u0438\\u0435 \\u0434\\u043b\\u044f \\u041a\\u0440\\u043e\\u0441\\u0441\\u043e\\u0432\\u043a\\u0438 \\\"\\u0423\\u043b\\u044c\\u0442\\u0440\\u0430-\\u0420\\u0430\\u043d\\\"\"}}, {\"added\": {\"name\": \"product image\", \"object\": \"\\u0418\\u0437\\u043e\\u0431\\u0440\\u0430\\u0436\\u0435\\u043d\\u0438\\u0435 \\u0434\\u043b\\u044f \\u041a\\u0440\\u043e\\u0441\\u0441\\u043e\\u0432\\u043a\\u0438 \\\"\\u0423\\u043b\\u044c\\u0442\\u0440\\u0430-\\u0420\\u0430\\u043d\\\"\"}}]"}}, {"model": "admin.logentry", "pk": 30, "fields": {"action_time": "2025-06-05T10:42:35.335Z", "user": 2, "content_type": 20, "object_id": "17", "object_repr": "Ботинки \"Челленджер\"", "action_flag": 1, "change_message": "[{\"added\": {}}, {\"added\": {\"name\": \"\\u0414\\u043e\\u0441\\u0442\\u0443\\u043f\\u043d\\u044b\\u0439 \\u0440\\u0430\\u0437\\u043c\\u0435\\u0440\", \"object\": \"\\u0411\\u043e\\u0442\\u0438\\u043d\\u043a\\u0438 \\\"\\u0427\\u0435\\u043b\\u043b\\u0435\\u043d\\u0434\\u0436\\u0435\\u0440\\\" - 46 (\\u0412 \\u043d\\u0430\\u043b\\u0438\\u0447\\u0438\\u0438)\"}}, {\"added\": {\"name\": \"\\u0414\\u043e\\u0441\\u0442\\u0443\\u043f\\u043d\\u044b\\u0439 \\u0440\\u0430\\u0437\\u043c\\u0435\\u0440\", \"object\": \"\\u0411\\u043e\\u0442\\u0438\\u043d\\u043a\\u0438 \\\"\\u0427\\u0435\\u043b\\u043b\\u0435\\u043d\\u0434\\u0436\\u0435\\u0440\\\" - 48 (\\u0412 \\u043d\\u0430\\u043b\\u0438\\u0447\\u0438\\u0438)\"}}, {\"added\": {\"name\": \"product image\", \"object\": \"\\u0418\\u0437\\u043e\\u0431\\u0440\\u0430\\u0436\\u0435\\u043d\\u0438\\u0435 \\u0434\\u043b\\u044f \\u0411\\u043e\\u0442\\u0438\\u043d\\u043a\\u0438 \\\"\\u0427\\u0435\\u043b\\u043b\\u0435\\u043d\\u0434\\u0436\\u0435\\u0440\\\"\"}}, {\"added\": {\"name\": \"product image\", \"object\": \"\\u0418\\u0437\\u043e\\u0431\\u0440\\u0430\\u0436\\u0435\\u043d\\u0438\\u0435 \\u0434\\u043b\\u044f \\u0411\\u043e\\u0442\\u0438\\u043d\\u043a\\u0438 \\\"\\u0427\\u0435\\u043b\\u043b\\u0435\\u043d\\u0434\\u0436\\u0435\\u0440\\\"\"}}, {\"added\": {\"name\": \"product image\", \"object\": \"\\u0418\\u0437\\u043e\\u0431\\u0440\\u0430\\u0436\\u0435\\u043d\\u0438\\u0435 \\u0434\\u043b\\u044f \\u0411\\u043e\\u0442\\u0438\\u043d\\u043a\\u0438 \\\"\\u0427\\u0435\\u043b\\u043b\\u0435\\u043d\\u0434\\u0436\\u0435\\u0440\\\"\"}}]"}}, {"model": "admin.logentry", "pk": 31, "fields": {"action_time": "2025-06-05T10:43:22.792Z", "user": 2, "content_type": 24, "object_id": "12", "object_repr": "офис", "action_flag": 1, "change_message": "[{\"added\": {}}]"}}, {"model": "admin.logentry", "pk": 32, "fields": {"action_time": "2025-06-05T10:44:04.701Z", "user": 2, "content_type": 20, "object_id": "18", "object_repr": "Туфли \"Офисные\"", "action_flag": 1, "change_message": "[{\"added\": {}}, {\"added\": {\"name\": \"\\u0414\\u043e\\u0441\\u0442\\u0443\\u043f\\u043d\\u044b\\u0439 \\u0440\\u0430\\u0437\\u043c\\u0435\\u0440\", \"object\": \"\\u0422\\u0443\\u0444\\u043b\\u0438 \\\"\\u041e\\u0444\\u0438\\u0441\\u043d\\u044b\\u0435\\\" - 44 (\\u0412 \\u043d\\u0430\\u043b\\u0438\\u0447\\u0438\\u0438)\"}}, {\"added\": {\"name\": \"\\u0414\\u043e\\u0441\\u0442\\u0443\\u043f\\u043d\\u044b\\u0439 \\u0440\\u0430\\u0437\\u043c\\u0435\\u0440\", \"object\": \"\\u0422\\u0443\\u0444\\u043b\\u0438 \\\"\\u041e\\u0444\\u0438\\u0441\\u043d\\u044b\\u0435\\\" - 46 (\\u0412 \\u043d\\u0430\\u043b\\u0438\\u0447\\u0438\\u0438)\"}}, {\"added\": {\"name\": \"product image\", \"object\": \"\\u0418\\u0437\\u043e\\u0431\\u0440\\u0430\\u0436\\u0435\\u043d\\u0438\\u0435 \\u0434\\u043b\\u044f \\u0422\\u0443\\u0444\\u043b\\u0438 \\\"\\u041e\\u0444\\u0438\\u0441\\u043d\\u044b\\u0435\\\"\"}}, {\"added\": {\"name\": \"product image\", \"object\": \"\\u0418\\u0437\\u043e\\u0431\\u0440\\u0430\\u0436\\u0435\\u043d\\u0438\\u0435 \\u0434\\u043b\\u044f \\u0422\\u0443\\u0444\\u043b\\u0438 \\\"\\u041e\\u0444\\u0438\\u0441\\u043d\\u044b\\u0435\\\"\"}}]"}}, {"model": "admin.logentry", "pk": 33, "fields": {"action_time": "2025-06-05T10:48:26.638Z", "user": 2, "content_type": 20, "object_id": "19", "object_repr": "Сандалии \"Кемпинг\"", "action_flag": 1, "change_message": "[{\"added\": {}}, {\"added\": {\"name\": \"\\u0414\\u043e\\u0441\\u0442\\u0443\\u043f\\u043d\\u044b\\u0439 \\u0440\\u0430\\u0437\\u043c\\u0435\\u0440\", \"object\": \"\\u0421\\u0430\\u043d\\u0434\\u0430\\u043b\\u0438\\u0438 \\\"\\u041a\\u0435\\u043c\\u043f\\u0438\\u043d\\u0433\\\" - 44 (\\u0412 \\u043d\\u0430\\u043b\\u0438\\u0447\\u0438\\u0438)\"}}, {\"added\": {\"name\": \"product image\", \"object\": \"\\u0418\\u0437\\u043e\\u0431\\u0440\\u0430\\u0436\\u0435\\u043d\\u0438\\u0435 \\u0434\\u043b\\u044f \\u0421\\u0430\\u043d\\u0434\\u0430\\u043b\\u0438\\u0438 \\\"\\u041a\\u0435\\u043c\\u043f\\u0438\\u043d\\u0433\\\"\"}}, {\"added\": {\"name\": \"product image\", \"object\": \"\\u0418\\u0437\\u043e\\u0431\\u0440\\u0430\\u0436\\u0435\\u043d\\u0438\\u0435 \\u0434\\u043b\\u044f \\u0421\\u0430\\u043d\\u0434\\u0430\\u043b\\u0438\\u0438 \\\"\\u041a\\u0435\\u043c\\u043f\\u0438\\u043d\\u0433\\\"\"}}]"}}, {"model": "admin.logentry", "pk": 34, "fields": {"action_time": "2025-06-05T10:49:46.052Z", "user": 2, "content_type": 20, "object_id": "20", "object_repr": "Кеды \"Классик\"", "action_flag": 1, "change_message": "[{\"added\": {}}, {\"added\": {\"name\": \"\\u0414\\u043e\\u0441\\u0442\\u0443\\u043f\\u043d\\u044b\\u0439 \\u0440\\u0430\\u0437\\u043c\\u0435\\u0440\", \"object\": \"\\u041a\\u0435\\u0434\\u044b \\\"\\u041a\\u043b\\u0430\\u0441\\u0441\\u0438\\u043a\\\" - 44 (\\u0412 \\u043d\\u0430\\u043b\\u0438\\u0447\\u0438\\u0438)\"}}, {\"added\": {\"name\": \"\\u0414\\u043e\\u0441\\u0442\\u0443\\u043f\\u043d\\u044b\\u0439 \\u0440\\u0430\\u0437\\u043c\\u0435\\u0440\", \"object\": \"\\u041a\\u0435\\u0434\\u044b \\\"\\u041a\\u043b\\u0430\\u0441\\u0441\\u0438\\u043a\\\" - 46 (\\u0412 \\u043d\\u0430\\u043b\\u0438\\u0447\\u0438\\u0438)\"}}, {\"added\": {\"name\": \"product image\", \"object\": \"\\u0418\\u0437\\u043e\\u0431\\u0440\\u0430\\u0436\\u0435\\u043d\\u0438\\u0435 \\u0434\\u043b\\u044f \\u041a\\u0435\\u0434\\u044b \\\"\\u041a\\u043b\\u0430\\u0441\\u0441\\u0438\\u043a\\\"\"}}, {\"added\": {\"name\": \"product image\", \"object\": \"\\u0418\\u0437\\u043e\\u0431\\u0440\\u0430\\u0436\\u0435\\u043d\\u0438\\u0435 \\u0434\\u043b\\u044f \\u041a\\u0435\\u0434\\u044b \\\"\\u041a\\u043b\\u0430\\u0441\\u0441\\u0438\\u043a\\\"\"}}]"}}, {"model": "admin.logentry", "pk": 35, "fields": {"action_time": "2025-06-05T10:51:02.151Z", "user": 2, "content_type": 20, "object_id": "21", "object_repr": "Сапоги \"Зимний драйв\"", "action_flag": 1, "change_message": "[{\"added\": {}}, {\"added\": {\"name\": \"\\u0414\\u043e\\u0441\\u0442\\u0443\\u043f\\u043d\\u044b\\u0439 \\u0440\\u0430\\u0437\\u043c\\u0435\\u0440\", \"object\": \"\\u0421\\u0430\\u043f\\u043e\\u0433\\u0438 \\\"\\u0417\\u0438\\u043c\\u043d\\u0438\\u0439 \\u0434\\u0440\\u0430\\u0439\\u0432\\\" - 48 (\\u0412 \\u043d\\u0430\\u043b\\u0438\\u0447\\u0438\\u0438)\"}}, {\"added\": {\"name\": \"product image\", \"object\": \"\\u0418\\u0437\\u043e\\u0431\\u0440\\u0430\\u0436\\u0435\\u043d\\u0438\\u0435 \\u0434\\u043b\\u044f \\u0421\\u0430\\u043f\\u043e\\u0433\\u0438 \\\"\\u0417\\u0438\\u043c\\u043d\\u0438\\u0439 \\u0434\\u0440\\u0430\\u0439\\u0432\\\"\"}}, {\"added\": {\"name\": \"product image\", \"object\": \"\\u0418\\u0437\\u043e\\u0431\\u0440\\u0430\\u0436\\u0435\\u043d\\u0438\\u0435 \\u0434\\u043b\\u044f \\u0421\\u0430\\u043f\\u043e\\u0433\\u0438 \\\"\\u0417\\u0438\\u043c\\u043d\\u0438\\u0439 \\u0434\\u0440\\u0430\\u0439\\u0432\\\"\"}}]"}}, {"model": "admin.logentry", "pk": 36, "fields": {"action_time": "2025-06-05T11:33:14.413Z", "user": 3, "content_type": 27, "object_id": "1", "object_repr": "Как ухаживать за обувью.", "action_flag": 1, "change_message": "[{\"added\": {}}]"}}, {"model": "sessions.session", "pk": "0zf0gbmt8ht1vnt7gyanozcqichc00be", "fields": {"session_data": ".eJxVjEEOwiAQRe_C2hAoA4JL9z0DGYZBqoYmpV0Z765NutDtf-_9l4i4rTVunZc4ZXERRpx-t4T04LaDfMd2myXNbV2mJHdFHrTLcc78vB7u30HFXr91IZM1FOctAHv0rC1YDWFQzIOxCjwWgsKOtA6o7LkEyImDA5cNGRbvD9ZlN7I:1uN8aU:iVlo1nyzSm5MSngzC39mPgOjvhjHMJCeup7S6SOdQv8", "expire_date": "2025-06-19T11:16:46.767Z"}}, {"model": "users.user", "pk": 1, "fields": {"password": "pbkdf2_sha256$1000000$1J7Vl3Q71qpHzl8LC6Kawt$HD6RkCEsIwTFg3LKaKPj/D2oyrin0GQ5Y91b4SzlN1w=", "last_login": "2025-06-05T09:52:05.976Z", "is_superuser": false, "username": "liza", "first_name": "Елизавета", "last_name": "Засухина", "email": "Zasukhina.2021@mail.ru", "is_staff": false, "is_active": true, "date_joined": "2025-06-05T09:52:04.841Z", "role": "user", "phone": "9242736318", "address": null, "birth_date": "2025-06-02", "avatar": "avatars/Fotoram.io.png", "secret_code": null, "is_admin": false, "groups": [], "user_permissions": []}}, {"model": "users.user", "pk": 2, "fields": {"password": "pbkdf2_sha256$1000000$lP0tdhLpEVroqFUdsaP16n$ksrziCbaAjtf56pJf/FnciVZFarKZ9j5nThbLRgbEo0=", "last_login": "2025-06-05T09:53:08.008Z", "is_superuser": true, "username": "admin1", "first_name": "", "last_name": "", "email": "", "is_staff": true, "is_active": true, "date_joined": "2025-06-05T09:52:44.609Z", "role": "user", "phone": null, "address": null, "birth_date": null, "avatar": "", "secret_code": null, "is_admin": false, "groups": [], "user_permissions": []}}, {"model": "users.user", "pk": 3, "fields": {"password": "pbkdf2_sha256$1000000$KZdUqZiFiVRUwbUj6Hi4c3$9PcQM33f0OXwF3lzWRhYDte1kcKeTbCtdKxbZvWKJ8Y=", "last_login": "2025-06-05T11:16:46.758Z", "is_superuser": true, "username": "merlissa", "first_name": "", "last_name": "", "email": "", "is_staff": true, "is_active": true, "date_joined": "2025-06-05T11:16:16.082Z", "role": "user", "phone": null, "address": null, "birth_date": null, "avatar": "", "secret_code": null, "is_admin": false, "groups": [], "user_permissions": []}}, {"model": "orders.cart", "pk": 1, "fields": {"user": 2, "created_at": "2025-06-05T10:01:15.372Z"}}, {"model": "orders.cartitem", "pk": 1, "fields": {"cart": 1, "product": 1, "quantity": 1, "size": "36"}}, {"model": "products.category", "pk": 1, "fields": {"name": "Женская обувь", "slug": "zhenskaya-obuv"}}, {"model": "products.category", "pk": 2, "fields": {"name": "мужская обувь", "slug": "muzhskaya-obuv"}}, {"model": "products.tag", "pk": 1, "fields": {"name": "Босоножки", "slug": "bosonozhki"}}, {"model": "products.tag", "pk": 2, "fields": {"name": "Кроссовки", "slug": "krossovki"}}, {"model": "products.tag", "pk": 3, "fields": {"name": "зимняя обувь", "slug": "zimnyaya-obuv"}}, {"model": "products.tag", "pk": 4, "fields": {"name": "балетки", "slug": "baletki"}}, {"model": "products.tag", "pk": 5, "fields": {"name": "ботфорты", "slug": "botforty"}}, {"model": "products.tag", "pk": 6, "fields": {"name": "сандалии", "slug": "sandalii"}}, {"model": "products.tag", "pk": 7, "fields": {"name": "лодочки", "slug": "lodochki"}}, {"model": "products.tag", "pk": 8, "fields": {"name": "угги", "slug": "uggi"}}, {"model": "products.tag", "pk": 9, "fields": {"name": "кеды", "slug": "kedy"}}, {"model": "products.tag", "pk": 10, "fields": {"name": "сабо", "slug": "sabo"}}, {"model": "products.tag", "pk": 11, "fields": {"name": "ботильоны", "slug": "botilony"}}, {"model": "products.tag", "pk": 12, "fields": {"name": "офис", "slug": "ofis"}}, {"model": "products.product", "pk": 1, "fields": {"name": "Босоножки на каблуке \"Элеганс\"", "slug": "elegant-heels", "price": "4500.00", "discounted_price": null, "is_discounted": false, "stock": 20, "image": "products/images/туфли_на_шпильке1.jpg", "category": 1, "brand": "emka", "rating": "5.0", "seasonal_tag": "Лето", "is_recommended": true, "is_new": false, "is_seasonal": true, "is_popular": true, "created_at": "2025-06-05T10:00:47.555Z", "is_active": true, "description": "Стильные босоножки на устойчивом каблуке 5 см. Материал: натуральная кожа.", "tags": [1]}}, {"model": "products.product", "pk": 2, "fields": {"name": "Кроссовки \"Спорт-Лайт\"", "slug": "krossovki-sport-lajt", "price": "3200.00", "discounted_price": null, "is_discounted": false, "stock": 5, "image": "products/images/freepik__the-style-is-candid-image-photography-with-natural__7839.jpeg", "category": 1, "brand": "emka", "rating": "5.0", "seasonal_tag": "Лето", "is_recommended": true, "is_new": true, "is_seasonal": true, "is_popular": false, "created_at": "2025-06-05T10:09:06.028Z", "is_active": true, "description": "Легкие женские кроссовки для бега и повседневной носки.", "tags": [2]}}, {"model": "products.product", "pk": 3, "fields": {"name": "Зимняя сказка", "slug": "winter-fairy-boots", "price": "6500.00", "discounted_price": "5500.00", "is_discounted": true, "stock": 2, "image": "products/images/зимняя_обувь_3.jpg", "category": 1, "brand": "zimushka", "rating": "4.0", "seasonal_tag": "зима", "is_recommended": true, "is_new": false, "is_seasonal": false, "is_popular": true, "created_at": "2025-06-05T10:12:06.312Z", "is_active": true, "description": "Теплые сапоги на меху для холодной зимы.", "tags": [3]}}, {"model": "products.product", "pk": 4, "fields": {"name": "Балетки \"Комфорт\"", "slug": "baletki-komfort", "price": "2800.00", "discounted_price": null, "is_discounted": false, "stock": 10, "image": "products/images/балетки_3.jpg", "category": 1, "brand": "bal", "rating": "5.0", "seasonal_tag": "Лето", "is_recommended": true, "is_new": true, "is_seasonal": true, "is_popular": false, "created_at": "2025-06-05T10:13:56.848Z", "is_active": true, "description": "Удобные балетки из мягкой кожи.", "tags": [4]}}, {"model": "products.product", "pk": 5, "fields": {"name": "Ботфорты \"Грация\"", "slug": "grace-thigh-boots", "price": "7200.00", "discounted_price": null, "is_discounted": false, "stock": 2, "image": "products/images/ботфорты.jpg", "category": 1, "brand": "emka", "rating": "5.0", "seasonal_tag": "осень", "is_recommended": false, "is_new": false, "is_seasonal": false, "is_popular": true, "created_at": "2025-06-05T10:15:27.250Z", "is_active": true, "description": "Высокие сапоги на шпильке.", "tags": [5]}}, {"model": "products.product", "pk": 6, "fields": {"name": "Сандалии \"Лето-2024\"", "slug": "summer-2024-sandals", "price": "2900.00", "discounted_price": null, "is_discounted": false, "stock": 10, "image": "products/images/сандалии_римские1.jpg", "category": 1, "brand": null, "rating": "0.0", "seasonal_tag": "Лето", "is_recommended": false, "is_new": false, "is_seasonal": true, "is_popular": false, "created_at": "2025-06-05T10:17:10.774Z", "is_active": true, "description": "Модные сандалии с ремешками.", "tags": [6]}}, {"model": "products.product", "pk": 7, "fields": {"name": "Туфли \"Офисный стиль\"", "slug": "office-lady-shoes", "price": "3800.00", "discounted_price": null, "is_discounted": false, "stock": 5, "image": "products/images/Лодочки.jpg", "category": 1, "brand": "delovoy_style", "rating": "5.0", "seasonal_tag": "Весна", "is_recommended": true, "is_new": false, "is_seasonal": false, "is_popular": false, "created_at": "2025-06-05T10:19:48.432Z", "is_active": true, "description": "Классические туфли-лодочки.", "tags": [7]}}, {"model": "products.product", "pk": 8, "fields": {"name": "Угги \"Мягкие\"", "slug": "cozy-ugg-boots", "price": "5000.00", "discounted_price": "4999.00", "is_discounted": true, "stock": 5, "image": "products/images/угги2.jpg", "category": 1, "brand": "zimushka", "rating": "5.0", "seasonal_tag": "зима", "is_recommended": false, "is_new": false, "is_seasonal": false, "is_popular": false, "created_at": "2025-06-05T10:21:35.222Z", "is_active": true, "description": "Теплые угги из овчины.", "tags": [8]}}, {"model": "products.product", "pk": 9, "fields": {"name": "Кеды \"Ретро\"", "slug": "retro-canvas-sneakers", "price": "2500.00", "discounted_price": null, "is_discounted": false, "stock": 10, "image": "products/images/кеды_винт2.jpg", "category": 1, "brand": "bal", "rating": "5.0", "seasonal_tag": "Лето", "is_recommended": true, "is_new": true, "is_seasonal": true, "is_popular": true, "created_at": "2025-06-05T10:23:00.297Z", "is_active": true, "description": "Стильные кеды в винтажном стиле.", "tags": [9]}}, {"model": "products.product", "pk": 10, "fields": {"name": "Сабо \"Домашние\"", "slug": "home-sabots", "price": "1500.00", "discounted_price": null, "is_discounted": false, "stock": 2, "image": "products/images/сабо_дом.jpg", "category": 1, "brand": "emka", "rating": "5.0", "seasonal_tag": "Весна", "is_recommended": true, "is_new": true, "is_seasonal": true, "is_popular": false, "created_at": "2025-06-05T10:24:19.085Z", "is_active": true, "description": "Удобные сабо для дома.", "tags": [10]}}, {"model": "products.product", "pk": 11, "fields": {"name": "Ботильоны \"Гранд\"", "slug": "grand-ankle-boots", "price": "5200.00", "discounted_price": "4999.00", "is_discounted": true, "stock": 5, "image": "products/images/стиль_бот2.jpg", "category": 1, "brand": "zimushka", "rating": "4.5", "seasonal_tag": "осень", "is_recommended": true, "is_new": false, "is_seasonal": false, "is_popular": true, "created_at": "2025-06-05T10:26:10.626Z", "is_active": true, "description": "Стильные ботильоны на устойчивом каблуке.", "tags": [11]}}, {"model": "products.product", "pk": 12, "fields": {"name": "Эспадрильи \"Летний бриз\"", "slug": "summer-breeze-espadrilles", "price": "2100.00", "discounted_price": null, "is_discounted": false, "stock": 15, "image": "products/images/эспадрильи1.jpg", "category": 1, "brand": "emka", "rating": "5.0", "seasonal_tag": "Лето", "is_recommended": false, "is_new": false, "is_seasonal": true, "is_popular": false, "created_at": "2025-06-05T10:29:37.186Z", "is_active": true, "description": "Легкие эспадрильи на текстильной подошве.", "tags": []}}, {"model": "products.product", "pk": 13, "fields": {"name": "Сапоги \"Снежная королева\"", "slug": "snow-queen-boots", "price": "7800.00", "discounted_price": "6900.00", "is_discounted": true, "stock": 2, "image": "products/images/Снежная_королева.jpg", "category": 1, "brand": "zimushka", "rating": "5.0", "seasonal_tag": "зима", "is_recommended": false, "is_new": false, "is_seasonal": false, "is_popular": false, "created_at": "2025-06-05T10:30:54.825Z", "is_active": true, "description": "Теплые сапоги на меху с высоким голенищем.", "tags": [3]}}, {"model": "products.product", "pk": 14, "fields": {"name": "Слипоны \"Мини\"", "slug": "mini-slip-ons", "price": "1900.00", "discounted_price": null, "is_discounted": false, "stock": 5, "image": "products/images/слиппоны1.jpg", "category": 1, "brand": "bal", "rating": "5.0", "seasonal_tag": "Весна", "is_recommended": true, "is_new": false, "is_seasonal": true, "is_popular": false, "created_at": "2025-06-05T10:32:21.971Z", "is_active": true, "description": "Удобные слипоны для повседневной носки.", "tags": []}}, {"model": "products.product", "pk": 15, "fields": {"name": "Мюли \"Комфорт+\"", "slug": "comfort-mules", "price": "4999.00", "discounted_price": null, "is_discounted": false, "stock": 2, "image": "products/images/мюли.jpg", "category": 1, "brand": "emka", "rating": "5.0", "seasonal_tag": "Весна", "is_recommended": true, "is_new": false, "is_seasonal": true, "is_popular": false, "created_at": "2025-06-05T10:34:27.461Z", "is_active": true, "description": "Мягкие мюли с открытым носом.", "tags": []}}, {"model": "products.product", "pk": 16, "fields": {"name": "Кроссовки \"Ультра-Ран\"", "slug": "ultra-run-sneakers", "price": "4000.00", "discounted_price": null, "is_discounted": false, "stock": 10, "image": "products/images/мужские_кросс_1.jpg", "category": 2, "brand": "kross_sport", "rating": "5.0", "seasonal_tag": "Весна", "is_recommended": true, "is_new": true, "is_seasonal": false, "is_popular": false, "created_at": "2025-06-05T10:38:37.682Z", "is_active": true, "description": "Легкие кроссовки для бега.", "tags": [2]}}, {"model": "products.product", "pk": 17, "fields": {"name": "Ботинки \"Челленджер\"", "slug": "challenger-boots", "price": "6000.00", "discounted_price": null, "is_discounted": false, "stock": 2, "image": "products/images/Демисезонные_полуботинки2.jpg", "category": 2, "brand": "emka", "rating": "5.0", "seasonal_tag": "осень", "is_recommended": false, "is_new": false, "is_seasonal": false, "is_popular": false, "created_at": "2025-06-05T10:42:35.303Z", "is_active": true, "description": "Кожаные ботинки для города.", "tags": []}}, {"model": "products.product", "pk": 18, "fields": {"name": "Туфли \"Офисные\"", "slug": "men-office-shoes", "price": "4500.00", "discounted_price": null, "is_discounted": false, "stock": 2, "image": "products/images/кож_бот.jpg", "category": 2, "brand": "emka", "rating": "5.0", "seasonal_tag": "Весна", "is_recommended": false, "is_new": true, "is_seasonal": false, "is_popular": false, "created_at": "2025-06-05T10:44:04.691Z", "is_active": true, "description": "Классические мужские туфли.", "tags": [12]}}, {"model": "products.product", "pk": 19, "fields": {"name": "Сандалии \"Кемпинг\"", "slug": "camping-sandals", "price": "2200.00", "discounted_price": null, "is_discounted": false, "stock": 1, "image": "products/images/кемпинг.jpg", "category": 2, "brand": "men_shooes", "rating": "0.0", "seasonal_tag": "Лето", "is_recommended": true, "is_new": false, "is_seasonal": true, "is_popular": false, "created_at": "2025-06-05T10:48:26.626Z", "is_active": true, "description": "Удобные сандалии для отдыха.", "tags": [6]}}, {"model": "products.product", "pk": 20, "fields": {"name": "Кеды \"Классик\"", "slug": "classic-canvas-sneakers", "price": "2700.00", "discounted_price": null, "is_discounted": false, "stock": 2, "image": "products/images/кеды1.jpg", "category": 2, "brand": "Простые и стильные кеды.", "rating": "0.0", "seasonal_tag": "Весна", "is_recommended": true, "is_new": false, "is_seasonal": false, "is_popular": false, "created_at": "2025-06-05T10:49:46.045Z", "is_active": true, "description": "Простые и стильные кеды.", "tags": [9]}}, {"model": "products.product", "pk": 21, "fields": {"name": "Сапоги \"Зимний драйв\"", "slug": "winter-drive-boots", "price": "5800.00", "discounted_price": "4999.00", "is_discounted": true, "stock": 1, "image": "products/images/зим_бот.jpg", "category": 2, "brand": "zimushka", "rating": "0.0", "seasonal_tag": "зима", "is_recommended": false, "is_new": false, "is_seasonal": false, "is_popular": false, "created_at": "2025-06-05T10:51:02.141Z", "is_active": true, "description": "Теплые зимние ботинки.", "tags": [3]}}, {"model": "products.sizeoption", "pk": 1, "fields": {"product": 1, "size": "36", "in_stock": true, "stock_quantity": 5}}, {"model": "products.sizeoption", "pk": 2, "fields": {"product": 1, "size": "37", "in_stock": true, "stock_quantity": 5}}, {"model": "products.sizeoption", "pk": 3, "fields": {"product": 1, "size": "38", "in_stock": true, "stock_quantity": 5}}, {"model": "products.sizeoption", "pk": 4, "fields": {"product": 1, "size": "40", "in_stock": true, "stock_quantity": 3}}, {"model": "products.sizeoption", "pk": 5, "fields": {"product": 1, "size": "42", "in_stock": true, "stock_quantity": 2}}, {"model": "products.sizeoption", "pk": 6, "fields": {"product": 2, "size": "36", "in_stock": true, "stock_quantity": 3}}, {"model": "products.sizeoption", "pk": 7, "fields": {"product": 2, "size": "37", "in_stock": true, "stock_quantity": 2}}, {"model": "products.sizeoption", "pk": 8, "fields": {"product": 3, "size": "37", "in_stock": true, "stock_quantity": 2}}, {"model": "products.sizeoption", "pk": 9, "fields": {"product": 4, "size": "36", "in_stock": true, "stock_quantity": 2}}, {"model": "products.sizeoption", "pk": 10, "fields": {"product": 4, "size": "37", "in_stock": true, "stock_quantity": 2}}, {"model": "products.sizeoption", "pk": 11, "fields": {"product": 4, "size": "38", "in_stock": true, "stock_quantity": 6}}, {"model": "products.sizeoption", "pk": 12, "fields": {"product": 5, "size": "38", "in_stock": true, "stock_quantity": 1}}, {"model": "products.sizeoption", "pk": 13, "fields": {"product": 5, "size": "39", "in_stock": true, "stock_quantity": 1}}, {"model": "products.sizeoption", "pk": 14, "fields": {"product": 6, "size": "36", "in_stock": true, "stock_quantity": 5}}, {"model": "products.sizeoption", "pk": 15, "fields": {"product": 6, "size": "37", "in_stock": true, "stock_quantity": 2}}, {"model": "products.sizeoption", "pk": 16, "fields": {"product": 6, "size": "38", "in_stock": true, "stock_quantity": 2}}, {"model": "products.sizeoption", "pk": 17, "fields": {"product": 6, "size": "39", "in_stock": true, "stock_quantity": 1}}, {"model": "products.sizeoption", "pk": 18, "fields": {"product": 7, "size": "36", "in_stock": true, "stock_quantity": 2}}, {"model": "products.sizeoption", "pk": 19, "fields": {"product": 7, "size": "37", "in_stock": true, "stock_quantity": 3}}, {"model": "products.sizeoption", "pk": 20, "fields": {"product": 8, "size": "37", "in_stock": true, "stock_quantity": 1}}, {"model": "products.sizeoption", "pk": 21, "fields": {"product": 8, "size": "38", "in_stock": true, "stock_quantity": 2}}, {"model": "products.sizeoption", "pk": 22, "fields": {"product": 8, "size": "39", "in_stock": true, "stock_quantity": 2}}, {"model": "products.sizeoption", "pk": 23, "fields": {"product": 9, "size": "37", "in_stock": true, "stock_quantity": 5}}, {"model": "products.sizeoption", "pk": 24, "fields": {"product": 9, "size": "39", "in_stock": true, "stock_quantity": 5}}, {"model": "products.sizeoption", "pk": 25, "fields": {"product": 10, "size": "38", "in_stock": true, "stock_quantity": 1}}, {"model": "products.sizeoption", "pk": 26, "fields": {"product": 10, "size": "39", "in_stock": true, "stock_quantity": 1}}, {"model": "products.sizeoption", "pk": 27, "fields": {"product": 11, "size": "38", "in_stock": true, "stock_quantity": 2}}, {"model": "products.sizeoption", "pk": 28, "fields": {"product": 11, "size": "39", "in_stock": true, "stock_quantity": 3}}, {"model": "products.sizeoption", "pk": 29, "fields": {"product": 12, "size": "36", "in_stock": true, "stock_quantity": 2}}, {"model": "products.sizeoption", "pk": 30, "fields": {"product": 12, "size": "37", "in_stock": true, "stock_quantity": 2}}, {"model": "products.sizeoption", "pk": 31, "fields": {"product": 12, "size": "38", "in_stock": true, "stock_quantity": 2}}, {"model": "products.sizeoption", "pk": 32, "fields": {"product": 12, "size": "39", "in_stock": true, "stock_quantity": 2}}, {"model": "products.sizeoption", "pk": 33, "fields": {"product": 12, "size": "40", "in_stock": true, "stock_quantity": 2}}, {"model": "products.sizeoption", "pk": 34, "fields": {"product": 13, "size": "37", "in_stock": true, "stock_quantity": 1}}, {"model": "products.sizeoption", "pk": 35, "fields": {"product": 13, "size": "38", "in_stock": true, "stock_quantity": 2}}, {"model": "products.sizeoption", "pk": 36, "fields": {"product": 14, "size": "39", "in_stock": true, "stock_quantity": 2}}, {"model": "products.sizeoption", "pk": 37, "fields": {"product": 14, "size": "37", "in_stock": true, "stock_quantity": 2}}, {"model": "products.sizeoption", "pk": 38, "fields": {"product": 14, "size": "34", "in_stock": true, "stock_quantity": 1}}, {"model": "products.sizeoption", "pk": 39, "fields": {"product": 15, "size": "37", "in_stock": true, "stock_quantity": 2}}, {"model": "products.sizeoption", "pk": 40, "fields": {"product": 16, "size": "44", "in_stock": true, "stock_quantity": 2}}, {"model": "products.sizeoption", "pk": 41, "fields": {"product": 16, "size": "42", "in_stock": true, "stock_quantity": 2}}, {"model": "products.sizeoption", "pk": 42, "fields": {"product": 16, "size": "39", "in_stock": true, "stock_quantity": 2}}, {"model": "products.sizeoption", "pk": 43, "fields": {"product": 16, "size": "46", "in_stock": true, "stock_quantity": 2}}, {"model": "products.sizeoption", "pk": 44, "fields": {"product": 16, "size": "38", "in_stock": true, "stock_quantity": 2}}, {"model": "products.sizeoption", "pk": 45, "fields": {"product": 17, "size": "46", "in_stock": true, "stock_quantity": 1}}, {"model": "products.sizeoption", "pk": 46, "fields": {"product": 17, "size": "48", "in_stock": true, "stock_quantity": 2}}, {"model": "products.sizeoption", "pk": 47, "fields": {"product": 18, "size": "44", "in_stock": true, "stock_quantity": 1}}, {"model": "products.sizeoption", "pk": 48, "fields": {"product": 18, "size": "46", "in_stock": true, "stock_quantity": 1}}, {"model": "products.sizeoption", "pk": 49, "fields": {"product": 19, "size": "44", "in_stock": true, "stock_quantity": 1}}, {"model": "products.sizeoption", "pk": 50, "fields": {"product": 20, "size": "44", "in_stock": true, "stock_quantity": 1}}, {"model": "products.sizeoption", "pk": 51, "fields": {"product": 20, "size": "46", "in_stock": true, "stock_quantity": 1}}, {"model": "products.sizeoption", "pk": 52, "fields": {"product": 21, "size": "48", "in_stock": true, "stock_quantity": 1}}, {"model": "products.productimage", "pk": 1, "fields": {"product": 1, "image": "product_images/туфли_на_шпильке.jpg"}}, {"model": "products.productimage", "pk": 2, "fields": {"product": 1, "image": "product_images/туфли_на_шпильке1.jpg"}}, {"model": "products.productimage", "pk": 3, "fields": {"product": 2, "image": "product_images/freepik__the-style-is-candid-image-photography-with-natural__7839.jpeg"}}, {"model": "products.productimage", "pk": 4, "fields": {"product": 3, "image": "product_images/зимняя_обувь.jpg"}}, {"model": "products.productimage", "pk": 5, "fields": {"product": 3, "image": "product_images/зимняя_обувь_2.jpg"}}, {"model": "products.productimage", "pk": 6, "fields": {"product": 3, "image": "product_images/зимняя_обувь_3.jpg"}}, {"model": "products.productimage", "pk": 7, "fields": {"product": 4, "image": "product_images/балетки_3.jpg"}}, {"model": "products.productimage", "pk": 8, "fields": {"product": 4, "image": "product_images/балетки_2.jpg"}}, {"model": "products.productimage", "pk": 9, "fields": {"product": 4, "image": "product_images/балетки.jpg"}}, {"model": "products.productimage", "pk": 10, "fields": {"product": 5, "image": "product_images/ботфорты.jpg"}}, {"model": "products.productimage", "pk": 11, "fields": {"product": 5, "image": "product_images/ботфорты2.jpg"}}, {"model": "products.productimage", "pk": 12, "fields": {"product": 6, "image": "product_images/сандалии_римские1.jpg"}}, {"model": "products.productimage", "pk": 13, "fields": {"product": 6, "image": "product_images/римские_сандалии.jpg"}}, {"model": "products.productimage", "pk": 14, "fields": {"product": 7, "image": "product_images/лодочки1.jpg"}}, {"model": "products.productimage", "pk": 15, "fields": {"product": 7, "image": "product_images/Лодочки.jpg"}}, {"model": "products.productimage", "pk": 16, "fields": {"product": 7, "image": "product_images/лодочки2.jpg"}}, {"model": "products.productimage", "pk": 17, "fields": {"product": 8, "image": "product_images/угги1.jpg"}}, {"model": "products.productimage", "pk": 18, "fields": {"product": 8, "image": "product_images/угги2.jpg"}}, {"model": "products.productimage", "pk": 19, "fields": {"product": 8, "image": "product_images/угги.jpg"}}, {"model": "products.productimage", "pk": 20, "fields": {"product": 9, "image": "product_images/кеды_винт2.jpg"}}, {"model": "products.productimage", "pk": 21, "fields": {"product": 9, "image": "product_images/кеды_винт.jpg"}}, {"model": "products.productimage", "pk": 22, "fields": {"product": 9, "image": "product_images/кеды_винт1.jpg"}}, {"model": "products.productimage", "pk": 23, "fields": {"product": 10, "image": "product_images/сабо_дом.jpg"}}, {"model": "products.productimage", "pk": 24, "fields": {"product": 10, "image": "product_images/сабо_дом1.jpg"}}, {"model": "products.productimage", "pk": 25, "fields": {"product": 11, "image": "product_images/стиль_бот2.jpg"}}, {"model": "products.productimage", "pk": 26, "fields": {"product": 11, "image": "product_images/стиль_бот1.jpg"}}, {"model": "products.productimage", "pk": 27, "fields": {"product": 12, "image": "product_images/эспадрильи.jpg"}}, {"model": "products.productimage", "pk": 28, "fields": {"product": 12, "image": "product_images/эспадрильи1.jpg"}}, {"model": "products.productimage", "pk": 29, "fields": {"product": 13, "image": "product_images/Снежная_королева.jpg"}}, {"model": "products.productimage", "pk": 30, "fields": {"product": 13, "image": "product_images/Снежная_королева1.jpg"}}, {"model": "products.productimage", "pk": 31, "fields": {"product": 14, "image": "product_images/слиппоны.jpg"}}, {"model": "products.productimage", "pk": 32, "fields": {"product": 14, "image": "product_images/слиппоны1.jpg"}}, {"model": "products.productimage", "pk": 33, "fields": {"product": 15, "image": "product_images/мюли.jpg"}}, {"model": "products.productimage", "pk": 34, "fields": {"product": 15, "image": "product_images/мюли1.jpg"}}, {"model": "products.productimage", "pk": 35, "fields": {"product": 16, "image": "product_images/мужские_кросс_2.jpg"}}, {"model": "products.productimage", "pk": 36, "fields": {"product": 16, "image": "product_images/мужские_кросс_1.jpg"}}, {"model": "products.productimage", "pk": 37, "fields": {"product": 17, "image": "product_images/Демисезонные_полуботинки2.jpg"}}, {"model": "products.productimage", "pk": 38, "fields": {"product": 17, "image": "product_images/Демисезонные_полуботинки1.jpg"}}, {"model": "products.productimage", "pk": 39, "fields": {"product": 17, "image": "product_images/Демисезонные_полуботинки.jpg"}}, {"model": "products.productimage", "pk": 40, "fields": {"product": 18, "image": "product_images/кож_бот.jpg"}}, {"model": "products.productimage", "pk": 41, "fields": {"product": 18, "image": "product_images/кож_бот1.jpg"}}, {"model": "products.productimage", "pk": 42, "fields": {"product": 19, "image": "product_images/кемпинг.jpg"}}, {"model": "products.productimage", "pk": 43, "fields": {"product": 19, "image": "product_images/кемпинг1.jpg"}}, {"model": "products.productimage", "pk": 44, "fields": {"product": 20, "image": "product_images/кеды.jpg"}}, {"model": "products.productimage", "pk": 45, "fields": {"product": 20, "image": "product_images/кеды1.jpg"}}, {"model": "products.productimage", "pk": 46, "fields": {"product": 21, "image": "product_images/зим_бот.jpg"}}, {"model": "products.productimage", "pk": 47, "fields": {"product": 21, "image": "product_images/зим_бот1.jpg"}}, {"model": "blog.article", "pk": 1, "fields": {"title": "Как ухаживать за обувью.", "image": "blog/articles/новость1_j8vOhpK.png", "image_caption": "", "content": "<p><strong>Как правильно ухаживать за обувью: советы для долговечности и опрятного вида &nbsp;</strong></p>\r\n\r\n<p><strong>Обувь </strong>&mdash; важная часть гардероба, которая влияет не только на комфорт, но и на общий стиль. Чтобы ботинки, туфли или кроссовки служили долго и выглядели ухоженно, за ними нужно правильно ухаживать. В этой статье &mdash; основные правила ухода за разными видами обуви. &nbsp;</p>\r\n\r\n<p>&nbsp;1. <em>Основные правила ухода за любой обувью &nbsp;</em></p>\r\n\r\n<p>&nbsp;1.1. Регулярная чистка &nbsp;<br />\r\nГрязь, пыль и влага разрушают материал, поэтому обувь нужно чистить после каждой носки: &nbsp;<br />\r\n- Кожаную &mdash; протирать влажной тряпкой и сухой салфеткой. &nbsp;<br />\r\n- Замшевую и нубук &mdash; обрабатывать щеткой с мягким ворсом. &nbsp;<br />\r\n- Текстильную &mdash; удалять загрязнения мягкой щеткой или губкой. &nbsp;</p>\r\n\r\n<p>&nbsp;1.2. Сушка &nbsp;<br />\r\nМокрая обувь деформируется и теряет форму. Правила сушки: &nbsp;<br />\r\n- Не сушить на батарее или под прямыми лучами солнца &mdash; это приводит к растрескиванию. &nbsp;<br />\r\n- Использовать специальные сушилки или набивать обувь бумагой/тканью. &nbsp;<br />\r\n- Для ускорения сушки можно положить внутрь мешочки с силикагелем. &nbsp;</p>\r\n\r\n<p>&nbsp;1.3. Хранение &nbsp;<br />\r\n- Хранить в проветриваемом месте, желательно в коробках или на полках. &nbsp;<br />\r\n- Использовать распорки для сохранения формы. &nbsp;<br />\r\n- Не складывать одну пару на другую &mdash; это может привести к деформации. &nbsp;</p>\r\n\r\n<p>&nbsp;2.<em> Уход за разными материалами &nbsp;</em></p>\r\n\r\n<p>&nbsp;2.1. Кожаная обувь &nbsp;<br />\r\n- Чистить специальными средствами (кремами, спреями) в зависимости от типа кожи. &nbsp;<br />\r\n- Полировать замшу и нубук специальными щетками. &nbsp;<br />\r\n- Обрабатывать водоотталкивающими пропитками. &nbsp;</p>\r\n\r\n<p>&nbsp;2.2. Замша и нубук &nbsp;<br />\r\n- Чистить резиновой или латексной щеткой. &nbsp;<br />\r\n- Использовать специальные спреи для защиты от воды. &nbsp;<br />\r\n- Не допускать сильного намокания &mdash; могут остаться разводы. &nbsp;</p>\r\n\r\n<p>&nbsp;2.3. Текстиль и кроссовки &nbsp;<br />\r\n- Стирать вручную или в машинке (если позволяет производитель). &nbsp;<br />\r\n- Использовать мягкие моющие средства. &nbsp;<br />\r\n- Сушить без нагрева, чтобы клей не разрушался. &nbsp;</p>\r\n\r\n<p>&nbsp;2.4. Резиновая и латексная обувь &nbsp;<br />\r\n- Мыть с мыльным раствором. &nbsp;<br />\r\n- Избегать контакта с маслами и химикатами &mdash; они могут разъедать материал. &nbsp;</p>\r\n\r\n<p>&nbsp;3.<em> Уход за подошвой и стельками &nbsp;</em><br />\r\n- Очищать подошву от грязи и камешков, чтобы не стирался протектор. &nbsp;<br />\r\n- Менять стельки каждые 3&ndash;6 месяцев или стирать их, если они текстильные. &nbsp;<br />\r\n- Для кожаной подошвы использовать специальные защитные спреи от скольжения. &nbsp;</p>\r\n\r\n<p>&nbsp;4. <em>Защита от запаха &nbsp;</em><br />\r\n- Использовать дезодоранты для обуви. &nbsp;<br />\r\n- Проветривать после носки. &nbsp;<br />\r\n- Класть внутрь мешочки с лавандой или активированным углем. &nbsp;</p>\r\n\r\n<p>&nbsp;5. <em>Когда отдавать обувь в ремонт?</em> &nbsp;<br />\r\n- Если оторвана подошва или требуется набойка. &nbsp;<br />\r\n- При сильном истирании каблука. &nbsp;<br />\r\n- Если разошлись швы &mdash; лучше сразу зашить, чтобы не усугубить повреждение. &nbsp;</p>\r\n\r\n<h2><strong>Вывод</strong><br />\r\nПравильный уход за обувью продлевает ее срок службы на годы. Достаточно регулярно чистить, сушить и обрабатывать пару в зависимости от материала &mdash; и она будет выглядеть как новая даже после активной носки. &nbsp;</h2>\r\n\r\n<p>Ухаживайте за своей обувью, и она будет радовать вас комфортом и стильным видом!<br />\r\n&nbsp;</p>", "author": 3, "published_date": "2025-06-05T11:31:16Z", "is_published": true}}, {"model": "blog.article", "pk": 2, "fields": {"title": "Как выбрать кроссовки.", "image": "blog/articles/новость2_PM11Fy4.jpg", "image_caption": "", "content": "<h3>Почему выбор кроссовок так важен</h3>\r\n\r\n<p>Каждый день наши ноги выдерживают тысячи шагов. Неправильно подобранные кроссовки могут вызвать боли в спине, натёртости и даже деформации стоп. Хорошие повседневные кроссовки &mdash; это не роскошь, а необходимость.</p>\r\n\r\n<hr />\r\n<h3>📏 Как правильно выбрать размер</h3>\r\n\r\n<ul>\r\n\t<li>\r\n\t<p><strong>Меряйте обувь вечером.</strong> Ноги немного отекают в течение дня.</p>\r\n\t</li>\r\n\t<li>\r\n\t<p><strong>Носите носки той толщины, с которыми планируете носить обувь.</strong></p>\r\n\t</li>\r\n\t<li>\r\n\t<p><strong>Оставляйте 0.5&ndash;1 см пространства перед пальцами.</strong> Это обеспечит комфорт при ходьбе.</p>\r\n\t</li>\r\n</ul>\r\n\r\n<hr />\r\n<h3>🧵 Материалы: за что стоит платить</h3>\r\n\r\n<ul>\r\n\t<li>\r\n\t<p><strong>Кожа:</strong> прочна, но не всегда хорошо дышит.</p>\r\n\t</li>\r\n\t<li>\r\n\t<p><strong>Текстиль:</strong> лёгкий и воздухопроницаемый, но быстрее изнашивается.</p>\r\n\t</li>\r\n\t<li>\r\n\t<p><strong>Сетка (mesh):</strong> отличная вентиляция, особенно летом.</p>\r\n\t</li>\r\n</ul>\r\n\r\n<p>👉 <strong>Совет:</strong> ищите модели с комбинированными материалами &mdash; они дышат, но сохраняют форму.</p>\r\n\r\n<hr />\r\n<h3>🦶 Подошва и амортизация</h3>\r\n\r\n<ul>\r\n\t<li>\r\n\t<p><strong>ЭВА (EVA)</strong> &mdash; лёгкая и упругая, чаще всего используется в спортивной обуви.</p>\r\n\t</li>\r\n\t<li>\r\n\t<p><strong>Резина</strong> &mdash; долговечна, но тяжелее.</p>\r\n\t</li>\r\n\t<li>\r\n\t<p><strong>Амортизация в пятке и носке</strong> снижает нагрузку на суставы.</p>\r\n\t</li>\r\n</ul>\r\n\r\n<hr />\r\n<h3>🧍 Форма стопы и пронация</h3>\r\n\r\n<p>Если у вас плоскостопие или избыточная пронация (провал стопы внутрь), выбирайте <strong>кроссовки с поддержкой свода</strong> или с ортопедической стелькой.</p>\r\n\r\n<hr />\r\n<h3>🎨 Стиль тоже важен</h3>\r\n\r\n<p>Сегодня повседневные кроссовки &mdash; это часть образа:</p>\r\n\r\n<ul>\r\n\t<li>\r\n\t<p>Универсальный белый подойдёт под любую одежду</p>\r\n\t</li>\r\n\t<li>\r\n\t<p>Монохром чёрный &mdash; практично и стильно</p>\r\n\t</li>\r\n\t<li>\r\n\t<p>Цветные акценты &mdash; для ярких личностей</p>\r\n\t</li>\r\n</ul>\r\n\r\n<hr />\r\n<h3>✅ Чек-лист перед покупкой</h3>\r\n\r\n<ul>\r\n\t<li>\r\n\t<p>Удобно ли с первого шага?</p>\r\n\t</li>\r\n\t<li>\r\n\t<p>Не давят ли швы?</p>\r\n\t</li>\r\n\t<li>\r\n\t<p>Подходит ли под ваш стиль одежды?</p>\r\n\t</li>\r\n\t<li>\r\n\t<p>Поддерживает ли стопу?&nbsp;</p>\r\n\t</li>\r\n</ul>\r\n\r\n<hr />\r\n<h3>📌 Вывод</h3>\r\n\r\n<p>Выбор идеальных кроссовок &mdash; это баланс между комфортом, качеством и стилем. Потратьте немного времени на выбор &mdash; и ваши ноги скажут вам &laquo;спасибо&raquo;.</p>", "author": 3, "published_date": "2025-06-05T12:04:48.139Z", "is_published": true}}, {"model": "blog.article", "pk": 3, "fields": {"title": "Топ-7 моделей обуви.", "image": "blog/articles/Fotoram.io.png", "image_caption": "", "content": "<h3><strong>Описание:</strong><br />\r\nМинимальный, но стильный гардероб обуви &mdash; это реально. Подборка из 7 универсальных моделей для мужчин и женщин, которые подойдут под большинство образов.</h3>\r\n\r\n<p><strong>Ключевые модели:</strong></p>\r\n\r\n<ul>\r\n\t<li>\r\n\t<p>Белые кроссовки</p>\r\n\t</li>\r\n\t<li>\r\n\t<p>Классические лоферы</p>\r\n\t</li>\r\n\t<li>\r\n\t<p>Чёрные ботинки на осень-зиму</p>\r\n\t</li>\r\n\t<li>\r\n\t<p>Пара для выхода &mdash; туфли/броги и др.</p>\r\n\t</li>\r\n</ul>", "author": 3, "published_date": "2025-06-05T12:05:44.173Z", "is_published": true}}]
